{
    "boxname": [
        {
            "threadID": "8622083057858076",
            "name": "IDBxMainGaming❤️"
        },
        {
            "threadID": "8341918999167870",
            "name": "𝚜𝚕𝚊𝚢  𝚜ố 𝟣 𝚊𝚘𝚟⚘"
        },
        {
            "threadID": "8743673629047235",
            "name": "Lũ Nghiện 🤓"
        },
        {
            "threadID": "8830084517039487",
            "name": "Fisch 🐋"
        },
        {
            "threadID": "8876344269096801",
            "name": "Đại Dương Và Những Sinh Vật Vô Tri 🐬"
        },
        {
            "threadID": "8188931541140656",
            "name": "𝑲𝑰𝑵𝑮𝑫𝑶𝑴"
        },
        {
            "threadID": "28901304176135333",
            "name": "Ẻ🥵"
        },
        {
            "threadID": "9805071616173604",
            "name": ""
        },
        {
            "threadID": "7791563027635446",
            "name": "AOV•Vui Vẻ໒꒱ིྀ"
        },
        {
            "threadID": "28430160453249170",
            "name": "亗💗✮𝕊𝕜𝕪𝔾𝕒𝕣𝕕𝕖𝕟┋𝕊𝕨𝕖𝕖𝕥✮💗亗•『04/1/𝟚𝟘𝟚5』"
        },
        {
            "threadID": "9743678229032796",
            "name": "Support Nika"
        },
        {
            "threadID": "9607986972626697",
            "name": "chiêm"
        },
        {
            "threadID": "24935803839352901",
            "name": "Bot Ngu"
        }
    ],
    "boximage": [
        {
            "threadID": "8622083057858076",
            "url": "https://i.imgur.com/Y6EvVwk.jpeg"
        },
        {
            "threadID": "8830084517039487",
            "url": "https://i.imgur.com/6OCObSA.jpeg"
        },
        {
            "threadID": "8188931541140656",
            "url": "https://i.imgur.com/xYzEITk.jpeg"
        },
        {
            "threadID": "28901304176135333",
            "url": "https://i.imgur.com/WVCfNfD.jpeg"
        },
        {
            "threadID": "9805071616173604",
            "url": "https://i.imgur.com/xw0uyp2.jpeg"
        },
        {
            "threadID": "7791563027635446",
            "url": "https://i.imgur.com/jymkKxW.jpeg"
        },
        {
            "threadID": "28430160453249170",
            "url": "https://i.imgur.com/5woSmAx.jpeg"
        }
    ],
    "antiout": {
        "7588712871232909": true,
        "8161282937307180": false,
        "8341918999167870": true,
        "8743673629047235": false,
        "8830084517039487": true,
        "8876344269096801": true,
        "8188931541140656": true,
        "7974116116024208": true,
        "28901304176135333": true,
        "7791563027635446": true,
        "28430160453249170": true,
        "29532816526333424": false,
        "9213619582073188": true,
        "9607986972626697": true,
        "24935803839352901": true
    },
    "antiNickname": [
        {
            "threadID": "9241764082521012",
            "data": {
                "100031263543961": "Thảo Linh ͟(B͟O͟T͟)",
                "100074009093440": "『 ? 』 ⪼ 『",
                "100077366272669": "dbdksk",
                "100077573461968": "[ ! ] • 『 Bối Bối 』",
                "100089817754991": "sữa",
                "61554620715942": "bd a",
                "100085073240621": "🍠🍠🍠🍠🍠🍠",
                "61569212206422": "『 , 』 ⪼ 『 Bối Bối 』",
                "61570090569085": "『 , 』 ⪼ 『 Bối Bối 』",
                "100073420669646": ""
            }
        },
        {
            "threadID": "8188931541140656",
            "data": {
                "1090024593": "KD• mun của ai k1",
                "1158392565": "[/] bot",
                "100000648849573": "KD• Shiin ⁹⁹",
                "100001466836390": "Nghĩa k3",
                "100003955150821": "PhácKa 95",
                "100004016304800": "KD•Tuấn 95",
                "100004104577823": "Mạnh ⁹⁴",
                "100004199496736": "Hùng ⁹⁶",
                "100004232470234": "KD•Hùng Tiến Đoàn 96",
                "100004372845406": "KD• Linh 03",
                "100004786988187": "Long 2k3",
                "100004846172053": "KD•Đạtt05",
                "100004942473091": "KD• K.Tuyen98",
                "100004987547521": "KD•Vũ 2k2",
                "100005164124907": "𝐊𝐃♚ Linh kutii 04",
                "100005288655135": "Duy 2k",
                "100005304880119": "KD•Chung97",
                "100005424255502": "KD• Long 97",
                "100005560273932": "Tài 2k1",
                "100005778431523": "Huy⁹⁶",
                "100006019592227": "Vịt 91",
                "100006229065114": "Huy k4",
                "100006321784151": "KD•Chiên Dior 87",
                "100006485630642": "Khoa 2k",
                "100006532598904": "KD• Bắp Tới Tú 2k96",
                "100007375933721": "𝐊𝐃♚ HwangBae9999",
                "100007567875577": "Nhung⁹⁹",
                "100007815601654": "Hải 96",
                "100007848254532": "ADMIN",
                "100008021323500": "𝐊𝐃♚ thợ săn ngưu ma vương 02",
                "100008290744805": "KD• Minh Trí 2k",
                "100008533847792": "KD•Siob 94",
                "100008712632756": "ledat 2k",
                "100009129125823": "Shin.Ares.99(chưa có ny🤣)",
                "100009211478788": "Nhi 01",
                "100009318654340": "Bắp ⁹⁷🌽🌽🌽",
                "100009319824954": "Phúc k1",
                "100009383993795": "KD•Uyên03",
                "100009412768088": "Tú 98",
                "100009449585712": "𝐊𝐃♚ Hải Lỏ 97",
                "100009948847557": "Hoàn⁹⁸",
                "100010013290718": "Phong 2k",
                "100010059255978": "KD•Linh 97 (con trai )",
                "100010092784463": "𝐊𝐃♚ Nam đzai 2k",
                "100010315685529": "Quí 02",
                "100010815753018": "KD•Huyền 02",
                "100010850053650": "KD• Zeus01",
                "100011280135517": "KD Quyền (2k)",
                "100011431578416": "Luật 2k",
                "100011803212020": "Hiếu⁹⁹QN",
                "100011986454319": "Vũ k3",
                "100012026658425": "Nghĩa 98",
                "100012056085283": "𝐊𝐃♚ Tài 02",
                "100012293298482": "Sơn K2",
                "100012684946113": "Na 02",
                "100012808481272": "KD• bahMi2k1",
                "100012958397179": "𝐊𝐃♚trai  02 tìm vợ",
                "100013023104530": "KD • Wang Cóc 03 🤍",
                "100013486750718": "Nẵm Hộp Nưa 2K",
                "100013486875209": "NGƯU MA VƯƠNG 2K",
                "100013501863323": "Ivy 99",
                "100013595343714": "𝐊𝐃♚ Hướng 03",
                "100014124754190": "KD • Tú 01",
                "100014190614867": "Vinh suyy ác05",
                "100014193452901": "KD• Kháng 04",
                "100014356936829": "𝐊𝐃♚ Cáo 01",
                "100014656830956": "𝐊𝐃♚ Rùa o4",
                "100014802672772": "Trường k2",
                "100014823154817": "KD•Khang 06",
                "100014835046876": "Dương Quý 2k3",
                "100015071851482": "KD•Long 99",
                "100015195640944": "Dung 07",
                "100015416740884": "Lanh lỏ 02",
                "100015703230005": "KD•ღMaiHương͜✿҈ঔ⁰¹",
                "100015777399636": "KD•Huy 04",
                "100016065379226": "Hiếu 2k",
                "100016117604722": "D KhAn 2K 🐷",
                "100016123680117": "KD•Tiên 2k2",
                "100017191668348": "KD• phong lỏ 04",
                "100017225583338": "𝐊𝐃♚ Vương xăm trổ 04",
                "100017726806893": "Tuấn⁰⁴",
                "100017747318985": "KD•Bé Yêu 03 ❤️",
                "100017794950358": "NV Tấn 94",
                "100018287945280": "Tuấn k2",
                "100019078382794": "KD•Hoàng97",
                "100019416631576": "KD•Đến có teo 06",
                "100019575427229": "Việt k4",
                "100019965638209": "𝐊𝐃♚ Hoà 98",
                "100021757271338": "KD•Thu Hằng 96",
                "100021801768475": "Tú k3",
                "100021815657778": "KD•アイン０３",
                "100021913282204": "cẩm tú k4",
                "100021962049476": "Yuu 🌧 04",
                "100022069472371": "KD•Khánh 04",
                "100022109116330": "dpcarbar",
                "100022222380025": "KD• Tú 01",
                "100022247001156": "KD•Ngọc Hiếu 04",
                "100022480680148": "nhi 95",
                "100022495300350": "𝐊𝐃♚ Đạt 99",
                "100022787133423": "KD•Hoa 04",
                "100023275775354": "KD•Như 04",
                "100023604070193": "Vinh96",
                "100023637195258": "Huỳnh k97",
                "100023694910858": "Kiệt k5",
                "100024549432158": "KD•Taki-95",
                "100024590134285": "Lynx3",
                "100024998933795": "KD•HuynhYêuĐờiiiiiiiii 99",
                "100025162601285": "KD•Lâm 2k",
                "100025582838436": "𝐊𝐃♚ Tùng Anh 99",
                "100026198023646": "KD•THẮNG YÊN BÁi 96",
                "100026580274269": "Tuyet Trinh 03",
                "100026583968242": "𝐊𝐃♚Đô Rít 02",
                "100027426157361": "Dững 95",
                "100027450610893": "𝐊𝐃♚ Khang nè 2k",
                "100027525544111": "KD• Chúa đóm 16",
                "100027827257682": "Đạt 03",
                "100027828872567": "Meg 2k 🦈",
                "100027871187362": "KD• Nguyên 2k4",
                "100028001140735": "Việt k1",
                "100028492743649": "𝐊𝐃♚ cũm kh nhớ năm sinh 😅",
                "100028554151722": "ʙιɴxιɴʟỗι⁰³",
                "100028648178880": "𝐊𝐃♚ Hằng 04",
                "100028677396043": "Nghĩa ⁰³",
                "100028814850451": "Tuấn 97",
                "100029202886887": "𝐊𝐃♚ Thầy Hải 95",
                "100029223124450": "Huệ Trân 01",
                "100029891650673": "admin /",
                "100030006379310": "𝐊𝐃♚ Ngô Viết Tùng 07",
                "100030275442895": "𝐊𝐃♚  An 05",
                "100030389377004": "𝐊𝐃♚ Chi Hin 99",
                "100030396130079": "KD•Tocotoco 98",
                "100030628764273": "Phương 02",
                "100030633723704": "KD• Kngân duoc roi 204",
                "100030697294115": "KD•Hiệp k2",
                "100031281510519": "Bin03",
                "100031885173475": "Tài2k",
                "100032418035900": "Mạnh⁰⁵",
                "100032420948503": "Duy 99",
                "100033422510036": "Su ⁰¹",
                "100033559066027": "Dii k2",
                "100033686740577": "Cream 04",
                "100034021747984": "Anne 2k",
                "100034452248234": "KD•Chung 2k",
                "100034503249733": "KD•Hùng 96",
                "100034828092416": "KD•Quân 95",
                "100034880741534": "Quý K3",
                "100034946613977": "KD•Thành nhớ Nguyệt cutii 01",
                "100034977546298": "KD• Nan 02",
                "100035099192299": "vy ⁰⁶",
                "100035150837822": "Lpa 05",
                "100035236539649": "KD• minh 04",
                "100035259731104": "KD• Nguyễn Giang đz nhất box K⁹9",
                "100035567283942": "KD• Hữu Hoàng 04",
                "100035661274366": "Vũ 04",
                "100035814062712": "KD • athunh 02",
                "100036002550497": "KD•Mike vợ của Giang cấm động vào 99",
                "100036055448584": "𝐊𝐃♚ Phương Anh 2k",
                "100036069607875": "Hương k3",
                "100036324780685": "KD•Hoàng99",
                "100036380592238": "𝐊𝐃♚ Tùng 203",
                "100036783135945": "KD•mlin2k4",
                "100036896266023": "Tùng k5",
                "100037202030214": "Trung Ngại Yêu 98",
                "100037254736581": "Hiếu k1",
                "100037847806855": "Nhớ Em 🖤 04",
                "100038242083408": "KD•Chiến 2k",
                "100038243679944": "KD•Tòn 03",
                "100038517614591": "𝐊𝐃♚ NPL 03",
                "100038703133479": "𝐊𝐃♚ tvm kh nhớ ns 😅",
                "100039470115552": "𝐊𝐃♚ вốиɢɢɢ⁰⁴",
                "100039986327648": "KD•Lương 04",
                "100040280030159": "KD•TÀI.2004",
                "100040542224086": "Quân 2k",
                "100040587944281": "KD•Akari 2k",
                "100040846290748": "Quắn 2k",
                "100040863834354": "KD•ptruc 04",
                "100041044394987": "KD•Duyy04",
                "100041252712119": "KD•Meoo🍃99",
                "100041281261741": "KD•Shyn02",
                "100041356308000": "Qtv2.0.0.0",
                "100041545146710": "Meow 2k",
                "100041577436564": "KD• Peace of mind 2k",
                "100041977000222": "Long k1",
                "100042044401491": "KD•Hiếu01",
                "100042220535191": "KD• Duy 04",
                "100042328625083": "lợn nhựa 06 🐷",
                "100043844151230": "Truc ly 2005",
                "100045084766157": "Na 04",
                "100045173960784": "bắp2k",
                "100045709305338": "𝐊𝐃♚ Tài 01 tulen",
                "100045714816650": "KD•Tâm ( con trai) 23 tuổi",
                "100045955200111": "𝐊𝐃♚ Anh Gió ⚡ 01",
                "100046144426182": "KD•Ngọc 06",
                "100046255150373": "۶ᵇᵃᵇʸSherry ᥫ᭡⁰⁷",
                "100046384172444": "KD•Khải 3dây 98",
                "100046771876377": "Thiện k5",
                "100047168586646": "Linh k4",
                "100047222011350": "KD•Chang 01",
                "100047250338056": "Hiền 01",
                "100047430851250": "KD•Hưng 06",
                "100047491308508": "-bot",
                "100047514954366": "𝐊𝐃♚ Dương Dương 99",
                "100047709041309": "KD•An Giang 97",
                "100047805399298": "Ngân 04",
                "100047994666152": "KD•Huy04",
                "100048020880650": "KD•Văn Tài 96",
                "100049286230211": "Doris⁰⁵",
                "100049348752051": "Quỳnh 05",
                "100049684065059": "KD•Thành 2k",
                "100050372979827": "KD.Thương 06",
                "100050702056660": "Duy ⁰³",
                "100050920214531": "Thư 03",
                "100051137971033": "MIKA 07",
                "100051314660620": "-bot",
                "100051435607188": "𝐊𝐃♚ Mèo nhỏ 98",
                "100051460632923": "QTV Trường 03",
                "100051689694095": "KD• Vinh k4",
                "100051742260704": "Tiến 96",
                "100052036140867": "KD•Chương 04",
                "100052228023069": "BụŤ•Sợ Ma 99",
                "100052559445729": "KD•Trung96",
                "100052887233688": "Linh k5",
                "100053395714812": "Dũng k4",
                "100053446022993": "𝐊𝐃♚ Tvm kb bn tuổi :))",
                "100054109912467": "KD•Hành Lỏ 98",
                "100054241463340": "Cường k3",
                "100054258632160": "KD• Quyền Ti 99",
                "100054262383168": "qtv kd• rôn 205",
                "100054311951183": "KD• Nhímm04",
                "100054619796210": "KD•Uyên 05",
                "100054653964860": "KD•Tien 02",
                "100054906285621": "KD•Quân 02",
                "100054906774824": "Hoàng k2",
                "100055489820530": "Hau k5",
                "100055549403889": "KD•Đức Cầu Giấy Đánh ngu 94",
                "100055610790720": "KD•Văn Nam 2k",
                "100055824878280": "-bot",
                "100056047562925": "KD•Hoàng96",
                "100056959512403": "Trung k4",
                "100057052521005": "i.like.jungle. 06",
                "100057128684730": "Quan⁰⁶",
                "100057888843094": "KD•     Vy 99 ( QTV )💋",
                "100058026960782": "Minh k4",
                "100058207824384": "𝐊𝐃♚ Khôi 04",
                "100058680164719": "Vũ k2",
                "100059993950616": "Vinh K6",
                "100060912816470": "KD•Duy2k",
                "100062010586723": "Phúc k5",
                "100062080608557": "KD-Anh khang 05",
                "100062147351195": "Ngọc k4",
                "100062173976845": "KD• Hằng 94",
                "100062254749793": "KD•Tân04",
                "100063865117375": "𝐊𝐃♚ Duyên 04",
                "100063957085023": "An",
                "100063975553151": "KD• Cẩm Tú 05",
                "100064125615056": "Mun (k3)",
                "100064430594916": "𝐊𝐃♚ Chồng các em đây 03",
                "100064454629856": "Tài leo cây",
                "100064514756646": "Hưng k4",
                "100064587368351": "chiến 98",
                "100064671252802": "Thiện k4",
                "100064843637173": "KD•Danh97",
                "100064869522380": "twyla07",
                "100065520187657": "ờ thì...2k",
                "100065605054098": "KD•Ann 99",
                "100065802364293": "KD.Nam⁰⁴",
                "100065927452941": "𝐊𝐃♚ Tân 04 all lane",
                "100066393980927": "Thanh k4",
                "100066588738695": "Tèo k5",
                "100066667495230": "𝐊𝐃♚ Thii xinh gái 01",
                "100066693904417": "Đậu Đậu k5",
                "100066913736286": "Hồng 2k",
                "100067452935445": "iris khưu 97",
                "100068092323199": "Lẫm Sẽ Gầy k5",
                "100068305685791": "𝐊𝐃♚ shyn 03",
                "100068617170296": "Tiên 98",
                "100069652802920": "Chang02",
                "100069798021289": "Hy 2k",
                "100070015483290": "KD•Hoàng k2",
                "100070468088897": "𝐊𝐃♚ Dương Thanh Hoàng 02",
                "100070651527144": "KD•Quỳnh Anh 06",
                "100071130319620": "Hằng 07",
                "100071766789321": "Quý 2k",
                "100071813987295": "Việt Đức ⁹⁰",
                "100072540013754": "𝐊𝐃♚ Phục 2 nghìn",
                "100073351653892": "득 (02)",
                "100073787929616": "KD•ThiệnTiềuPhu.06",
                "100074112831389": "𝐊𝐃♚ teddy 07",
                "100074147384509": "KD•Thợ Sửa Ống Nước🌚2k",
                "100074372801262": "KD• ʙuᴅᴅнᴀᴀ k2",
                "100074410636516": "𝐊𝐃♚Bắp🌽⁰⁵",
                "100074447243362": "KD•trapgáiaov99",
                "100074706572061": "KD• NAnh.K4",
                "100074808631547": "Cindy✿5",
                "100074951898461": "KD An 🥑 fect 05",
                "100075233641938": "KD . yêu em 2k",
                "100075282376320": "btram 08",
                "100075359851092": "KD•PMạnh⁰³",
                "100075550998512": "𝐊𝐃♚ Chi Dân 2k",
                "100075827927897": "𝐊𝐃♚ Nhựt 04",
                "100076079430847": "𝐊𝐃♚ Sáng keera 04",
                "100076147641686": "[HB]•Ngư 2k",
                "100076238740730": "My 08",
                "100076519389793": "𝐊𝐃♚ Quỳn xinhiu🐰o4",
                "100076668293469": "𝐊𝐃♚ mThang 04",
                "100076942959713": "Thành 95",
                "100076984376916": "KD•Bảo02",
                "100077183531362": "Di Dy k1",
                "100077331544995": "KD•Yan Yan⁰⁴",
                "100077505227319": "Anh k5",
                "100077972972775": "Hiếu Kiều k5",
                "100078110833714": "𝐊𝐃♚ Thịnh 07",
                "100078753520444": "Heineken 94",
                "100078938521343": "KD• Thiên 2001",
                "100079107787764": "KD•Hờ Ải 98-1",
                "100079264194694": "Lan⁰⁸",
                "100079403996010": "KD•Hưng 03",
                "100080158846095": "KD• Tiến Đạt 04",
                "100080159696757": "Hydra 05",
                "100080271378915": "KD•Thanh k4",
                "100080451860607": "KD•Trúc Linh 99",
                "100080507300359": "embes của Nguyệt 07",
                "100080512419614": "𝐊𝐃♚ Tvm kb năm sinh 😅",
                "100080697152113": "Minh Nhật 06",
                "100080934052719": "KD• T.Hương🦄o2",
                "100081470439240": "🖤 Định⁹⁷",
                "100081556338898": "KD•Vỹ Vinh 203",
                "100081587828761": "KD•levịt04",
                "100081851760398": "KD•Khoa Miền Tây 95",
                "100081961100413": "KD•QuỳnhGiang 04",
                "100081979478059": "𝐊𝐃♚ Duy 01",
                "100082280860611": "Thi k3",
                "100082754483070": "Bảo⁰⁷",
                "100082986803346": "Mạnh 97",
                "100082995649788": "KD•Zịt 04",
                "100083072830976": "mylanhh04",
                "100083136037104": "KD• Minh Thư 04",
                "100083229499232": "2k khoa 🤫",
                "100083305344733": "Tài k2",
                "100083308596522": "Trường 2k",
                "100083390792828": "Hùng k2",
                "100083542813106": "KD•minh08",
                "100083688505205": "KD•Quyền99",
                "100083723120598": "𝐊𝐃♚ Phi đần 07",
                "100083723405676": "KD•Hùng 04..",
                "100083785252581": "Tnn006",
                "100083980483580": "An 07",
                "100084132683901": "Như 04",
                "100084138891907": "KD• Báok4",
                "100085263622098": "KD•Thuận03",
                "100086062563533": "Huy 2k",
                "100086108050274": "𝐊𝐃♚ Bsam 04",
                "100086281845942": "Bo la duc doan            07",
                "100086452283882": "Hùng 97",
                "100086473188221": "KD•Chải tên Hải⁰⁴❥𝙖𝙣𝙩𝙞 cả quỳnh vs chị nguyệt",
                "100087012752451": "𝐊𝐃♚ Hoàng Devlin 2k",
                "100087079388819": "KD•Ngọc02🐧",
                "100087406566592": "KD•Bình có ny rồi 98",
                "100087524089369": "KD• Khôi 02",
                "100088528175628": "𝐊𝐃♚ Lê Đình Trung 01",
                "100088702617406": "𝐊𝐃♚ ác quỷ mê gái  01",
                "100088777070622": "KD• cá heo 2k",
                "100089085667162": "im lặng 1 chút 2k",
                "100089219776308": "KD•Long 02",
                "100089281851470": "quynngaaa ²⁰⁶",
                "100089286500861": "KD•Vũ 06",
                "100089331827972": "KD•Shin 04",
                "100089694729442": "mai 04",
                "100089882929177": "Vann Trangg k5",
                "100089917643333": "KD• Quân 2k",
                "100090005973817": "KD • #piiuoilaiu 04",
                "100090271209851": "embes 06",
                "100090424341765": "KD• Cường \" bật nắp quan tài tìm bạn tri kỉ \" 04",
                "100090451554129": "ngdep hay khoc 06 🦭",
                "100090624504160": "Thịt hết những đứa bơ 95",
                "100090685028726": "hoangtuu   07.",
                "100090765908179": "𝐊𝐃♚Shyn🧸 03",
                "100090987287161": "Minh 2k",
                "100091218735474": "KD•Quý03",
                "100091422854422": "Hoa 07",
                "100092236863381": "𝐊𝐃♚ Mimi chưa chồng 204",
                "100092251657781": "Bảo k2",
                "100092454666925": "𝐊𝐃♚ My 99",
                "100092633653774": "𝐊𝐃♚ Cô giáo Kẹo 97",
                "100092987622340": "Nga 2k",
                "100093075283014": "Vợ j97 jack meo 🥰 03",
                "100093436779430": "𝐊𝐃♚ Khang 99",
                "100093573949830": "Trọng Hảo 99",
                "100094119004701": "Chi 08",
                "100094139967860": "Quá khứ  ⁰⁸",
                "100094182893057": "𝐊𝐃♚ Mai Anh",
                "100094192926522": "rubj_aes08",
                "100094308121156": "KD•TH🐻•02",
                "100094496576944": "Quý k5",
                "100094527521910": "Lionz 99",
                "100094672742275": "Cherry muốn có người êu 🥹",
                "100094683207136": "𝐊𝐃♚ Nữ chính hiền lành tốt bụng 03",
                "100094685888070": "Hằng 06",
                "100094951990312": "𝐊𝐃♚ Khang 99",
                "100095015642254": "𝐊𝐃♚Anh Yêu 2k ❤️",
                "100095129727262": "ừ 06",
                "100095130025600": "KD•Su Ngốc 04",
                "100095475101494": "Vy empes 08",
                "61550289057314": "KD•  Bích  ▪︎96▪︎",
                "61550350378993": "KD• Quỳnh của Nguyệt 04",
                "61550665875295": "Bước Trong Góc Khuất 99",
                "61550694350387": "Hiển 96",
                "61550776250436": "Sang 96",
                "61550913224874": "KD•Thanh 01",
                "61550918472538": "KD•Hoàng Minh 99",
                "61551523516961": "KD•Trâm Xgasi 2k",
                "61551626140232": "KD•Lynh xinh gái 04",
                "61552080690894": "Hoàng01",
                "61552116785712": "Bảo k2",
                "61552314445194": "Đức 97",
                "61552483138635": "Trung k4",
                "61552539309283": "KD•  Nhi 2k",
                "61552747870189": "𝐊𝐃♚ Phát đzai 95",
                "61552804550849": "𝐊𝐃♚ Tvm kb ns 😅",
                "61554505697690": "KD• Flo outmeta 06",
                "61554692163129": "𝐊𝐃♚ Cuong",
                "61554786043646": "Danny K5",
                "61555055709119": "Hùng 12 tủi🖖🌞🐦",
                "61555636043777": "Đời Lạc Lối 03",
                "61555662778985": "KD•duy01",
                "61555704404552": "KD•Anh Tiến 2k",
                "61555803707217": "Vũ k5",
                "61555805965764": "𝐊𝐃♚Liễu Như Yên 01🌸",
                "61555850205008": "Đức chưa ni 03",
                "61555851563155": "KD• Huyền 04",
                "61555869671714": "KD• Dâu 06",
                "61555939174303": "Tu k3",
                "61556236925595": "KD Đức04",
                "61556283638055": "Thảo k4",
                "61556340148929": "tiến 08",
                "61556925175458": "KD•Paleson01",
                "61556943344348": "[-] bot",
                "61557424341192": "KD•Giang Sầu ⁹⁹",
                "61557445161134": "Huy K4",
                "61557821427473": "𝐊𝐃♚ Minh 05",
                "61558104548583": "KD• Hồng Hài Nhi của Nguyệt 04",
                "61558461662306": "KD•t muốn có ngiu 03",
                "61558538580707": "KD• tthaoxinkngoaniu02 🌝",
                "61558652260805": "Ly03",
                "61558793462728": "Nam 05",
                "61558875464542": "Nam k3",
                "61559101216658": "𝐊𝐃♚ Sinh 02",
                "61559165938981": "KD• Artemis",
                "61559432340095": "Sung Nguyễn 97",
                "61559518139994": "Sa 02🩷",
                "61559606108423": "Hà k6",
                "61559725139482": "Nguyễn Khang 06",
                "61560189812102": "Dũng 99",
                "61560952284631": "𝐊𝐃♚ Ngọc 05",
                "61560992831970": "Phương Anh 07",
                "61561028916005": "KD•Tadin 03",
                "61561100190157": "thư07",
                "61561186055214": "KD• Cò 2o🐧",
                "61561556106311": "KD•Duy 96",
                "61561739288795": "Quốc Vân k1",
                "61561794693578": "Vũ k5",
                "61562009144300": "Nam k2",
                "61562316470342": "Hàxhin⁹⁸",
                "61562370206660": "sadboy •95",
                "61562370374072": "KD• Minhduy 04",
                "61562388564834": "KD•Kiệt 04",
                "61562492393437": "Hào k5",
                "61562871510480": "KD•Panh 204",
                "61563321644889": "KD•Meii 04",
                "61563460872448": "𝐊𝐃♚ Ly 99",
                "61564114079336": "[ - ] • bot miraiv2",
                "61564313777475": "KD•Nghĩa 94",
                "61564660601579": "KD• Minh 04",
                "61564883996994": "KD•Bụt•2k",
                "61565045289913": "KD●Meo96",
                "61565367814349": "KD• San ⁰⁴ 🌸",
                "61565450240118": "KD•Vân 2k4",
                "61565891865728": "KD• Minh ✩ K3",
                "61566126699746": "𝐊𝐃♚Min08",
                "61566739118471": "𝐊𝐃♚ Hân Như Yên•03",
                "61566970047872": "KD•pnhi 04",
                "61570098023520": "𝐊𝐃♚ Yến 05",
                "61557876557356": "embes của box"
            }
        },
        {
            "threadID": "9805071616173604",
            "data": {
                "100010734129915": "『 ! 』 ⪼ Pie Pie 🍒",
                "100077366272669": "-⪼ ha",
                "61567780432797": "-⪼ le nguyen",
                "61572318401128": "『 ! 』 ⪼ Alex"
            }
        },
        {
            "threadID": "9743678229032796",
            "data": {
                "61560299746623": "𝐵𝑜𝑡 𝑁𝑖𝑘𝑎 (𝑏𝑒𝑡𝑎)",
                "61576360080954": "𝐵𝑜𝑡 𝑁𝑖𝑘𝑎 (𝑏𝑒𝑡𝑎)",
                "61576606696030": "𝐵𝑜𝑡 𝑁𝑖𝑘𝑎 (𝑏𝑒𝑡𝑎)",
                "61576667863230": "𝐵𝑜𝑡 𝑁𝑖𝑘𝑎 (𝑏𝑒𝑡𝑎)",
                "100086033984335": "🍭🐷 Bat vs hdt ⚡❤️‍ | Lv.6"
            }
        },
        {
            "threadID": "9761601013957639",
            "data": {
                "100007850537297": "「 • 」 • 𝕊𝕒𝕥𝕠𝕣𝕦 | HSD: Chưa thuê bot",
                "100078831447837": "[ . ] bot con cac",
                "100082507557795": "『 / 』 ⪼ Ngọc Nhii",
                "100089611810568": "hợi con",
                "61550859368874": "『 ! 』 ⪼ Yuz",
                "61555632878290": "! ┊ MeowMeow",
                "61555980650434": "「 . 」 • Yuz",
                "61560299746623": "𝐵𝑜𝑡 𝑁𝑖𝑘𝑎 (𝑏𝑒𝑡𝑎)",
                "61565532174201": "-2😀",
                "61571246114687": "『 . 』 ⪼ Yuz",
                "61572357775817": "「 • 」 • 𝕊𝕒𝕥𝕠𝕣𝕦 | HSD: Chưa thuê bot",
                "61573395782511": "「 . 」 • Yuz",
                "61574071589665": "「 . 」 • Yuz",
                "61575290044457": "[ . ] • Yuz | HSD: Chưa thuê bot",
                "61575901512658": "「 . 」 • Yuz",
                "61575908417813": "「 . 」 • Yuz",
                "61576089609046": "「 . 」 • Yuz",
                "61576201408802": "「 . 」 • Yuz",
                "61576299449284": "「 . 」 • Yuz",
                "61576311144871": "「 . 」 • Yuz",
                "61576325814998": "「 . 」 • Yuz",
                "61576326366362": "[ . ] • Yuz | HSD: 10/06/2025",
                "61576351744330": "[ . ] • Yuz | HSD: 29/05/2025",
                "61576371066190": "[ . ] • Yuz | HSD: 12/06/2025",
                "61576418429480": "[ . ] • Yuz | HSD: 07/06/2025",
                "61576618796617": "[ . ] • Yuz | HSD: Chưa thuê bot",
                "61576805640346": "『 ! 』 ⪼ Yuz",
                "61577093181569": "[ \\ ] • Yuz"
            }
        },
        {
            "threadID": "9607986972626697",
            "data": {
                "1797773850": "",
                "100000076699141": "『 / 』 ⪼ Gia Huy 🌸",
                "100000844920097": "『 & 』⪼ 𝐵𝑜𝑡 𝐺𝑜𝑗𝑜 (𝑏𝑒𝑡𝑎)",
                "100011667938000": "『 / 』 ⪼ Gia Huy 🌸",
                "100016272393918": "ben",
                "100051326408408": "[ . ] • BEN",
                "100081212010325": "『 / 』 ⪼ Đậu ><️ || HSD: 23/05/2025",
                "100086033984335": "🍭🐷 Bat vs hdt ⚡❤️‍🩹 | Lv.5",
                "100093852656737": "Đỗ Quốc Anhヾꪜ | Lv.5",
                "100094089697594": "『 > 』 ⪼ 𝙗𝙤𝙩 𝙩𝙞𝙚̣̂𝙣 𝙩𝙞̀ 𝙤𝙛 𝙌𝙪𝙤̂́𝙘 𝘼𝙣𝙝",
                "61551202621743": "mẹ nè con",
                "61555067162048": "『 . 』 ⪼ Ben ᶻ 𝗓 𐰁 || HSD: 30/04/2025",
                "61559086880120": "Curumi >< | Còn 1 ngày",
                "61560299746623": "ۦۦ ۦۦ | Lv.5",
                "61563112608003": "BEN | Còn 1 ngày",
                "61564173536993": "Uni",
                "61566807730469": "[ . ] • BEN",
                "61570797792907": "[ , ] • Nika v2",
                "61571034749374": "Curumi >< | Còn 0 day ✅",
                "61574563157846": "『 , 』⪼ | Nika v1",
                "61574632512620": "『 ! 』 ⪼ Ben ᶻ 𝗓 𐰁 || HSD: 14/05/2025",
                "61575178926807": "[ , ] • Nika v2 | HSD: 07/05/2025",
                "61576360080954": "𝐵𝑜𝑡 𝑁𝑖𝑘𝑎",
                "61576606696030": "𝐵𝑜𝑡 𝑁𝑖𝑘𝑎 (𝑏𝑒𝑡𝑎)",
                "61576667863230": "𝐵𝑜𝑡 𝑁𝑖𝑘𝑎 (𝑏𝑒𝑡𝑎)",
                "61576910752798": ""
            }
        },
        {
            "threadID": "24935803839352901",
            "data": {
                "100079543967576": "Ken Gay",
                "100083167659061": "Duy Bán Cà Rem",
                "100086033984335": "Ken yêu Duy",
                "61552354211822": "con chó Hữu Lộc",
                "61555268946652": "Anh 4 Hồng Kông",
                "61576606696030": "Curumi ><",
                "61576971271166": "『 ! 』 ⪼ Bot Ngu",
                "61571034749374": "Curumi ><",
                "61564190007356": "",
                "61576967192823": "Ken yêu Duy"
            }
        }
    ]
}