{"LastUpdate":"1750265862933","9419107208126585":{"threadID":"9419107208126585","threadName":"⋆⸜ Syodn 🎧✮","participantIDs":["61550268891944","61552525514203","61553118287772","61553693765098","61555830476405","61557389792782","61557564113162","61557710771616","61558035303049","61558296101265","61560299746623","61563906764722","61564155725101","61564314835915","61571034749374","61571819521883","61576606696030","61576664972597","61577597250463","100026423383249","100041077553973","100042125479518","100048286966787","100051458845173","100053001679462","100057222744158","100063577909865","100064189479266","100066249936519","100067839414779","100068654877002","100069461232832","100069531715711","100069869822111","100072158266181","100072451285668","100074478588534","100074631341763","100082897621667","100083153124672","100083696198265","100084843855944","100085848161230","100086033984335","100087060052200","100087816976379","100087962894125","100089788752326","100091255445648","100093185401221","100094587188481"],"userInfo":[{"id":"61550268891944","name":"yen nhi 🪐","firstName":"yen","vanity":"emicexjnh","thumbSrc":"https://scontent-bom1-1.xx.fbcdn.net/v/t1.30497-1/453178253_471506465671661_2781666950760530985_n.png?stp=dst-png_s200x200&_nc_cat=1&ccb=1-7&_nc_sid=136b72&_nc_ohc=cngcqYQ8dQ0Q7kNvwEXbnV3&_nc_oc=AdkY5Em5VX_bNFN10bYLcKv6B-yR_0YsTHRhFJ9dbTPwX9WvvYn6Wg0ufSk6JASosF8&_nc_zt=24&_nc_ht=scontent-bom1-1.xx&oh=00_AfPt-yTJBTpTjQOF9bz-2dhGFIwuhTAPXiwjwJCjySzLFQ&oe=6880A33A","profileUrl":"https://scontent-bom1-1.xx.fbcdn.net/v/t1.30497-1/453178253_471506465671661_2781666950760530985_n.png?stp=dst-png_s200x200&_nc_cat=1&ccb=1-7&_nc_sid=136b72&_nc_ohc=cngcqYQ8dQ0Q7kNvwEXbnV3&_nc_oc=AdkY5Em5VX_bNFN10bYLcKv6B-yR_0YsTHRhFJ9dbTPwX9WvvYn6Wg0ufSk6JASosF8&_nc_zt=24&_nc_ht=scontent-bom1-1.xx&oh=00_AfPt-yTJBTpTjQOF9bz-2dhGFIwuhTAPXiwjwJCjySzLFQ&oe=6880A33A","gender":"FEMALE","type":"User","isFriend":false,"isBirthday":false},{"id":"61552525514203","name":"Van Anh","firstName":"Van","vanity":"itscuns","thumbSrc":"https://scontent-bom2-1.xx.fbcdn.net/v/t39.30808-1/506893773_122247220814084183_736461103026237775_n.jpg?stp=dst-jpg_s200x200_tt6&_nc_cat=105&ccb=1-7&_nc_sid=1d2534&_nc_ohc=guj9AmrokTUQ7kNvwFnsiYw&_nc_oc=Adkr7PrmHuMJQwMPKpIztScfvzfW5XzCsJr676SSbGm0ErPnihr4Nlyqle8e7MZOzQw&_nc_zt=24&_nc_ht=scontent-bom2-1.xx&_nc_gid=L9JyoM8dGxgS1lg5A-8KrQ&oh=00_AfM2uzhPEJGnfKdjn1p1lep5Ozsf14xDIl3bBN6GvJn6xA&oe=685EFEB7","profileUrl":"https://scontent-bom2-1.xx.fbcdn.net/v/t39.30808-1/506893773_122247220814084183_736461103026237775_n.jpg?stp=dst-jpg_s200x200_tt6&_nc_cat=105&ccb=1-7&_nc_sid=1d2534&_nc_ohc=guj9AmrokTUQ7kNvwFnsiYw&_nc_oc=Adkr7PrmHuMJQwMPKpIztScfvzfW5XzCsJr676SSbGm0ErPnihr4Nlyqle8e7MZOzQw&_nc_zt=24&_nc_ht=scontent-bom2-1.xx&_nc_gid=L9JyoM8dGxgS1lg5A-8KrQ&oh=00_AfM2uzhPEJGnfKdjn1p1lep5Ozsf14xDIl3bBN6GvJn6xA&oe=685EFEB7","gender":"FEMALE","type":"User","isFriend":false,"isBirthday":false},{"id":"61553118287772","name":"Thuý Hiền","firstName":"Hiền","vanity":"thuy.hien.344822","thumbSrc":"https://scontent-bom2-4.xx.fbcdn.net/v/t39.30808-1/509598882_122218860248103942_6817595690527426699_n.jpg?stp=dst-jpg_s200x200_tt6&_nc_cat=102&ccb=1-7&_nc_sid=e99d92&_nc_ohc=1B8fUmExghEQ7kNvwFWIjpP&_nc_oc=AdnGK_9ndgYxrl04U8BtQNXi2UqvndajfwL3TcpA7pArMqxFaKzZIbjT_BrXCmDsPRA&_nc_zt=24&_nc_ht=scontent-bom2-4.xx&_nc_gid=L9JyoM8dGxgS1lg5A-8KrQ&oh=00_AfM-BOWyV0TU3fNjLIzooz04Vb0VMMk3u3gxK-t3vwGCtg&oe=685F065B","profileUrl":"https://scontent-bom2-4.xx.fbcdn.net/v/t39.30808-1/509598882_122218860248103942_6817595690527426699_n.jpg?stp=dst-jpg_s200x200_tt6&_nc_cat=102&ccb=1-7&_nc_sid=e99d92&_nc_ohc=1B8fUmExghEQ7kNvwFWIjpP&_nc_oc=AdnGK_9ndgYxrl04U8BtQNXi2UqvndajfwL3TcpA7pArMqxFaKzZIbjT_BrXCmDsPRA&_nc_zt=24&_nc_ht=scontent-bom2-4.xx&_nc_gid=L9JyoM8dGxgS1lg5A-8KrQ&oh=00_AfM-BOWyV0TU3fNjLIzooz04Vb0VMMk3u3gxK-t3vwGCtg&oe=685F065B","gender":"FEMALE","type":"User","isFriend":false,"isBirthday":false},{"id":"61553693765098","name":"Ng Hoàng Bảo Nhi","firstName":"Nhi","vanity":"br.hzyi","thumbSrc":"https://scontent-bom2-4.xx.fbcdn.net/v/t39.30808-1/508241116_122198947742123125_2782721731328367192_n.jpg?stp=dst-jpg_s200x200_tt6&_nc_cat=106&ccb=1-7&_nc_sid=e99d92&_nc_ohc=4az8MXoSu2sQ7kNvwHitHyR&_nc_oc=Adm_5Ixtb61x_SX1cY2-PeDWKCrCj3G8OZg5gpxKvfbgscZg-5XDxcsZUunjrx6HB4g&_nc_zt=24&_nc_ht=scontent-bom2-4.xx&_nc_gid=L9JyoM8dGxgS1lg5A-8KrQ&oh=00_AfNuEIg98nrRw-CJQP7trIcnrRwHIHax2m47x337QVnGig&oe=685EEA1B","profileUrl":"https://scontent-bom2-4.xx.fbcdn.net/v/t39.30808-1/508241116_122198947742123125_2782721731328367192_n.jpg?stp=dst-jpg_s200x200_tt6&_nc_cat=106&ccb=1-7&_nc_sid=e99d92&_nc_ohc=4az8MXoSu2sQ7kNvwHitHyR&_nc_oc=Adm_5Ixtb61x_SX1cY2-PeDWKCrCj3G8OZg5gpxKvfbgscZg-5XDxcsZUunjrx6HB4g&_nc_zt=24&_nc_ht=scontent-bom2-4.xx&_nc_gid=L9JyoM8dGxgS1lg5A-8KrQ&oh=00_AfNuEIg98nrRw-CJQP7trIcnrRwHIHax2m47x337QVnGig&oe=685EEA1B","gender":"FEMALE","type":"User","isFriend":false,"isBirthday":false},{"id":"61555830476405","name":"Thảo Vy","firstName":"Thảo","vanity":"thao.vy.595612","thumbSrc":"https://scontent-bom2-1.xx.fbcdn.net/v/t39.30808-1/502379505_122230447886194349_7104051254234411424_n.jpg?stp=c0.53.360.360a_dst-jpg_s200x200_tt6&_nc_cat=108&ccb=1-7&_nc_sid=e99d92&_nc_ohc=gp1wiPjLkxwQ7kNvwHJGtmT&_nc_oc=AdkayJtiXaLxXd35nkRknPobbNydGIt2Dz0pVjayerqewU7_pc2TVaNwQty3-law3WM&_nc_zt=24&_nc_ht=scontent-bom2-1.xx&_nc_gid=L9JyoM8dGxgS1lg5A-8KrQ&oh=00_AfNtBr5mEhC2T2iWszl4Zdg2zwQxdLaHLr3sFAsuwCpu3Q&oe=685EE9DF","profileUrl":"https://scontent-bom2-1.xx.fbcdn.net/v/t39.30808-1/502379505_122230447886194349_7104051254234411424_n.jpg?stp=c0.53.360.360a_dst-jpg_s200x200_tt6&_nc_cat=108&ccb=1-7&_nc_sid=e99d92&_nc_ohc=gp1wiPjLkxwQ7kNvwHJGtmT&_nc_oc=AdkayJtiXaLxXd35nkRknPobbNydGIt2Dz0pVjayerqewU7_pc2TVaNwQty3-law3WM&_nc_zt=24&_nc_ht=scontent-bom2-1.xx&_nc_gid=L9JyoM8dGxgS1lg5A-8KrQ&oh=00_AfNtBr5mEhC2T2iWszl4Zdg2zwQxdLaHLr3sFAsuwCpu3Q&oe=685EE9DF","gender":"FEMALE","type":"User","isFriend":false,"isBirthday":false},{"id":"61557389792782","name":"Tuan Anh","firstName":"Anh","vanity":"tuan4nhdzs1tg","thumbSrc":"https://scontent-bom2-4.xx.fbcdn.net/v/t39.30808-1/499523500_122220572444246326_9142471180151809749_n.jpg?stp=dst-jpg_s200x200_tt6&_nc_cat=102&ccb=1-7&_nc_sid=e99d92&_nc_ohc=VLu4sC93Il4Q7kNvwGwonPR&_nc_oc=Adls5XI4JpMOKeGHD1cMaoMdneyNOM9QdwyA3W2ZRmv-Z9M9w78O4bWcT1952bXKK5M&_nc_zt=24&_nc_ht=scontent-bom2-4.xx&_nc_gid=L9JyoM8dGxgS1lg5A-8KrQ&oh=00_AfNX_Z_rEhPLb8n6qTLze9vYQ56WQtFllCWe5wlEwoaRMA&oe=685EFC91","profileUrl":"https://scontent-bom2-4.xx.fbcdn.net/v/t39.30808-1/499523500_122220572444246326_9142471180151809749_n.jpg?stp=dst-jpg_s200x200_tt6&_nc_cat=102&ccb=1-7&_nc_sid=e99d92&_nc_ohc=VLu4sC93Il4Q7kNvwGwonPR&_nc_oc=Adls5XI4JpMOKeGHD1cMaoMdneyNOM9QdwyA3W2ZRmv-Z9M9w78O4bWcT1952bXKK5M&_nc_zt=24&_nc_ht=scontent-bom2-4.xx&_nc_gid=L9JyoM8dGxgS1lg5A-8KrQ&oh=00_AfNX_Z_rEhPLb8n6qTLze9vYQ56WQtFllCWe5wlEwoaRMA&oe=685EFC91","gender":"MALE","type":"User","isFriend":false,"isBirthday":false},{"id":"61557564113162","name":"Hoang Anh Chu","firstName":"Chu","vanity":"hoang.anh.chu.763028","thumbSrc":"https://scontent-bom1-1.xx.fbcdn.net/v/t39.30808-1/499199402_122196022940252137_3532265571888405670_n.jpg?stp=dst-jpg_s200x200_tt6&_nc_cat=107&ccb=1-7&_nc_sid=e99d92&_nc_ohc=5JVIlUDabuEQ7kNvwHmW4-j&_nc_oc=Adm3RzQDsV4QreYu3YB0ciW_RiqcI6zZB9vzFIenNXW3bpkEAo1lL1PHNNVWerSUGbo&_nc_zt=24&_nc_ht=scontent-bom1-1.xx&_nc_gid=L9JyoM8dGxgS1lg5A-8KrQ&oh=00_AfNy2l2Rlk0b7DoiMRaEOKN_U0H68koNztP0vcRXQPySnA&oe=685EDF38","profileUrl":"https://scontent-bom1-1.xx.fbcdn.net/v/t39.30808-1/499199402_122196022940252137_3532265571888405670_n.jpg?stp=dst-jpg_s200x200_tt6&_nc_cat=107&ccb=1-7&_nc_sid=e99d92&_nc_ohc=5JVIlUDabuEQ7kNvwHmW4-j&_nc_oc=Adm3RzQDsV4QreYu3YB0ciW_RiqcI6zZB9vzFIenNXW3bpkEAo1lL1PHNNVWerSUGbo&_nc_zt=24&_nc_ht=scontent-bom1-1.xx&_nc_gid=L9JyoM8dGxgS1lg5A-8KrQ&oh=00_AfNy2l2Rlk0b7DoiMRaEOKN_U0H68koNztP0vcRXQPySnA&oe=685EDF38","gender":"MALE","type":"User","isFriend":false,"isBirthday":false},{"id":"61557710771616","name":"Thủy Tiên","firstName":"Tiên","vanity":"thuy.tien.790961","thumbSrc":"https://scontent-bom1-1.xx.fbcdn.net/v/t1.30497-1/453178253_471506465671661_2781666950760530985_n.png?stp=dst-png_s200x200&_nc_cat=1&ccb=1-7&_nc_sid=136b72&_nc_ohc=cngcqYQ8dQ0Q7kNvwEXbnV3&_nc_oc=AdkY5Em5VX_bNFN10bYLcKv6B-yR_0YsTHRhFJ9dbTPwX9WvvYn6Wg0ufSk6JASosF8&_nc_zt=24&_nc_ht=scontent-bom1-1.xx&oh=00_AfPt-yTJBTpTjQOF9bz-2dhGFIwuhTAPXiwjwJCjySzLFQ&oe=6880A33A","profileUrl":"https://scontent-bom1-1.xx.fbcdn.net/v/t1.30497-1/453178253_471506465671661_2781666950760530985_n.png?stp=dst-png_s200x200&_nc_cat=1&ccb=1-7&_nc_sid=136b72&_nc_ohc=cngcqYQ8dQ0Q7kNvwEXbnV3&_nc_oc=AdkY5Em5VX_bNFN10bYLcKv6B-yR_0YsTHRhFJ9dbTPwX9WvvYn6Wg0ufSk6JASosF8&_nc_zt=24&_nc_ht=scontent-bom1-1.xx&oh=00_AfPt-yTJBTpTjQOF9bz-2dhGFIwuhTAPXiwjwJCjySzLFQ&oe=6880A33A","gender":"FEMALE","type":"User","isFriend":false,"isBirthday":false},{"id":"61558035303049","name":"Lê Thi","firstName":"Lê","vanity":"cryzjw","thumbSrc":"https://scontent-bom2-4.xx.fbcdn.net/v/t39.30808-1/500132605_122197604942267843_2664088368227227870_n.jpg?stp=dst-jpg_s200x200_tt6&_nc_cat=106&ccb=1-7&_nc_sid=e99d92&_nc_ohc=l9bQdPZ4M74Q7kNvwGFjk0A&_nc_oc=AdmvRYmutVnIod8ZTy7anP2Qzv-5skZ9USNj44TGY9T5b2ipC2exunFmugDPQaymAlM&_nc_zt=24&_nc_ht=scontent-bom2-4.xx&_nc_gid=L9JyoM8dGxgS1lg5A-8KrQ&oh=00_AfPyayYeJwfszqqrmNeZeN0GYmSeQJyiyViY9jSBUewiNA&oe=685EE48A","profileUrl":"https://scontent-bom2-4.xx.fbcdn.net/v/t39.30808-1/500132605_122197604942267843_2664088368227227870_n.jpg?stp=dst-jpg_s200x200_tt6&_nc_cat=106&ccb=1-7&_nc_sid=e99d92&_nc_ohc=l9bQdPZ4M74Q7kNvwGFjk0A&_nc_oc=AdmvRYmutVnIod8ZTy7anP2Qzv-5skZ9USNj44TGY9T5b2ipC2exunFmugDPQaymAlM&_nc_zt=24&_nc_ht=scontent-bom2-4.xx&_nc_gid=L9JyoM8dGxgS1lg5A-8KrQ&oh=00_AfPyayYeJwfszqqrmNeZeN0GYmSeQJyiyViY9jSBUewiNA&oe=685EE48A","gender":"FEMALE","type":"User","isFriend":false,"isBirthday":false},{"id":"61558296101265","name":"Anh Tuan","firstName":"Anh","vanity":"anh.tuan.818928","thumbSrc":"https://scontent-bom2-1.xx.fbcdn.net/v/t39.30808-1/499217667_122197789238276536_2436739563970410711_n.jpg?stp=dst-jpg_s200x200_tt6&_nc_cat=108&ccb=1-7&_nc_sid=1d2534&_nc_ohc=erN6heZ6H4kQ7kNvwF_PxYZ&_nc_oc=AdkJG7QlVFHfIs5TA15yAyEUqNqOIkXA8n9ESXLOqtnXuZqQlgdhyiwKUGtxEMNGwFU&_nc_zt=24&_nc_ht=scontent-bom2-1.xx&_nc_gid=L9JyoM8dGxgS1lg5A-8KrQ&oh=00_AfNlQ8DTljUaS2EpA9aLKGHULqCuTozIX9x25FWHm9EiFw&oe=685F02D1","profileUrl":"https://scontent-bom2-1.xx.fbcdn.net/v/t39.30808-1/499217667_122197789238276536_2436739563970410711_n.jpg?stp=dst-jpg_s200x200_tt6&_nc_cat=108&ccb=1-7&_nc_sid=1d2534&_nc_ohc=erN6heZ6H4kQ7kNvwF_PxYZ&_nc_oc=AdkJG7QlVFHfIs5TA15yAyEUqNqOIkXA8n9ESXLOqtnXuZqQlgdhyiwKUGtxEMNGwFU&_nc_zt=24&_nc_ht=scontent-bom2-1.xx&_nc_gid=L9JyoM8dGxgS1lg5A-8KrQ&oh=00_AfNlQ8DTljUaS2EpA9aLKGHULqCuTozIX9x25FWHm9EiFw&oe=685F02D1","gender":"MALE","type":"User","isFriend":false,"isBirthday":false},{"id":"61560299746623","name":"ۦۦ ۦۦ","firstName":"ۦۦ","vanity":"twan.bwy.anh","thumbSrc":"https://scontent-bom1-1.xx.fbcdn.net/v/t1.30497-1/453178253_471506465671661_2781666950760530985_n.png?stp=dst-png_s200x200&_nc_cat=1&ccb=1-7&_nc_sid=136b72&_nc_ohc=cngcqYQ8dQ0Q7kNvwEXbnV3&_nc_oc=AdkY5Em5VX_bNFN10bYLcKv6B-yR_0YsTHRhFJ9dbTPwX9WvvYn6Wg0ufSk6JASosF8&_nc_zt=24&_nc_ht=scontent-bom1-1.xx&oh=00_AfPt-yTJBTpTjQOF9bz-2dhGFIwuhTAPXiwjwJCjySzLFQ&oe=6880A33A","profileUrl":"https://scontent-bom1-1.xx.fbcdn.net/v/t1.30497-1/453178253_471506465671661_2781666950760530985_n.png?stp=dst-png_s200x200&_nc_cat=1&ccb=1-7&_nc_sid=136b72&_nc_ohc=cngcqYQ8dQ0Q7kNvwEXbnV3&_nc_oc=AdkY5Em5VX_bNFN10bYLcKv6B-yR_0YsTHRhFJ9dbTPwX9WvvYn6Wg0ufSk6JASosF8&_nc_zt=24&_nc_ht=scontent-bom1-1.xx&oh=00_AfPt-yTJBTpTjQOF9bz-2dhGFIwuhTAPXiwjwJCjySzLFQ&oe=6880A33A","gender":"MALE","type":"User","isFriend":true,"isBirthday":false},{"id":"61563906764722","name":"Bot Curumi","firstName":"Bot","vanity":"vxrm89zckv","thumbSrc":"https://scontent-bom1-1.xx.fbcdn.net/v/t1.30497-1/453178253_471506465671661_2781666950760530985_n.png?stp=dst-png_s200x200&_nc_cat=1&ccb=1-7&_nc_sid=136b72&_nc_ohc=cngcqYQ8dQ0Q7kNvwEXbnV3&_nc_oc=AdkY5Em5VX_bNFN10bYLcKv6B-yR_0YsTHRhFJ9dbTPwX9WvvYn6Wg0ufSk6JASosF8&_nc_zt=24&_nc_ht=scontent-bom1-1.xx&oh=00_AfPt-yTJBTpTjQOF9bz-2dhGFIwuhTAPXiwjwJCjySzLFQ&oe=6880A33A","profileUrl":"https://scontent-bom1-1.xx.fbcdn.net/v/t1.30497-1/453178253_471506465671661_2781666950760530985_n.png?stp=dst-png_s200x200&_nc_cat=1&ccb=1-7&_nc_sid=136b72&_nc_ohc=cngcqYQ8dQ0Q7kNvwEXbnV3&_nc_oc=AdkY5Em5VX_bNFN10bYLcKv6B-yR_0YsTHRhFJ9dbTPwX9WvvYn6Wg0ufSk6JASosF8&_nc_zt=24&_nc_ht=scontent-bom1-1.xx&oh=00_AfPt-yTJBTpTjQOF9bz-2dhGFIwuhTAPXiwjwJCjySzLFQ&oe=6880A33A","gender":"MALE","type":"User","isFriend":false,"isBirthday":false},{"id":"61564155725101","name":"Hoàng Phát","firstName":"Phát","vanity":"hoang.phat.733584","thumbSrc":"https://scontent-bom1-1.xx.fbcdn.net/v/t1.30497-1/453178253_471506465671661_2781666950760530985_n.png?stp=dst-png_s200x200&_nc_cat=1&ccb=1-7&_nc_sid=136b72&_nc_ohc=cngcqYQ8dQ0Q7kNvwEXbnV3&_nc_oc=AdkY5Em5VX_bNFN10bYLcKv6B-yR_0YsTHRhFJ9dbTPwX9WvvYn6Wg0ufSk6JASosF8&_nc_zt=24&_nc_ht=scontent-bom1-1.xx&oh=00_AfPt-yTJBTpTjQOF9bz-2dhGFIwuhTAPXiwjwJCjySzLFQ&oe=6880A33A","profileUrl":"https://scontent-bom1-1.xx.fbcdn.net/v/t1.30497-1/453178253_471506465671661_2781666950760530985_n.png?stp=dst-png_s200x200&_nc_cat=1&ccb=1-7&_nc_sid=136b72&_nc_ohc=cngcqYQ8dQ0Q7kNvwEXbnV3&_nc_oc=AdkY5Em5VX_bNFN10bYLcKv6B-yR_0YsTHRhFJ9dbTPwX9WvvYn6Wg0ufSk6JASosF8&_nc_zt=24&_nc_ht=scontent-bom1-1.xx&oh=00_AfPt-yTJBTpTjQOF9bz-2dhGFIwuhTAPXiwjwJCjySzLFQ&oe=6880A33A","gender":"MALE","type":"User","isFriend":false,"isBirthday":false},{"id":"61564314835915","name":"Khaa Yenn","firstName":"Khaa","vanity":"","thumbSrc":"https://scontent-bom2-3.xx.fbcdn.net/v/t39.30808-1/509265219_122170640558477161_3404361138371402332_n.jpg?stp=dst-jpg_s200x200_tt6&_nc_cat=101&ccb=1-7&_nc_sid=e99d92&_nc_ohc=N8JmNMGUrmQQ7kNvwGg4DAM&_nc_oc=Adld05ht2-rq5HaMZSmrt4EN2jqf_xdqcNw4b3Jtud4N4vg2eX1J7kZ85PmSu0vLyJw&_nc_zt=24&_nc_ht=scontent-bom2-3.xx&_nc_gid=L9JyoM8dGxgS1lg5A-8KrQ&oh=00_AfPm5jlpaaLCIbCyeRckRldaVIyDSFI-ckpa2RmM35aj5g&oe=685F0EED","profileUrl":"https://scontent-bom2-3.xx.fbcdn.net/v/t39.30808-1/509265219_122170640558477161_3404361138371402332_n.jpg?stp=dst-jpg_s200x200_tt6&_nc_cat=101&ccb=1-7&_nc_sid=e99d92&_nc_ohc=N8JmNMGUrmQQ7kNvwGg4DAM&_nc_oc=Adld05ht2-rq5HaMZSmrt4EN2jqf_xdqcNw4b3Jtud4N4vg2eX1J7kZ85PmSu0vLyJw&_nc_zt=24&_nc_ht=scontent-bom2-3.xx&_nc_gid=L9JyoM8dGxgS1lg5A-8KrQ&oh=00_AfPm5jlpaaLCIbCyeRckRldaVIyDSFI-ckpa2RmM35aj5g&oe=685F0EED","gender":"FEMALE","type":"User","isFriend":false,"isBirthday":false},{"id":"61571034749374","name":"anh tuan 🐾 🐸","firstName":"anh","vanity":"8jwxjcqwsb","thumbSrc":"https://scontent-bom1-1.xx.fbcdn.net/v/t1.30497-1/453178253_471506465671661_2781666950760530985_n.png?stp=dst-png_s200x200&_nc_cat=1&ccb=1-7&_nc_sid=b224c7&_nc_ohc=cngcqYQ8dQ0Q7kNvwEXbnV3&_nc_oc=AdkY5Em5VX_bNFN10bYLcKv6B-yR_0YsTHRhFJ9dbTPwX9WvvYn6Wg0ufSk6JASosF8&_nc_zt=24&_nc_ht=scontent-bom1-1.xx&oh=00_AfPt-yTJBTpTjQOF9bz-2dhGFIwuhTAPXiwjwJCjySzLFQ&oe=6880A33A","profileUrl":"https://scontent-bom1-1.xx.fbcdn.net/v/t1.30497-1/453178253_471506465671661_2781666950760530985_n.png?stp=dst-png_s200x200&_nc_cat=1&ccb=1-7&_nc_sid=b224c7&_nc_ohc=cngcqYQ8dQ0Q7kNvwEXbnV3&_nc_oc=AdkY5Em5VX_bNFN10bYLcKv6B-yR_0YsTHRhFJ9dbTPwX9WvvYn6Wg0ufSk6JASosF8&_nc_zt=24&_nc_ht=scontent-bom1-1.xx&oh=00_AfPt-yTJBTpTjQOF9bz-2dhGFIwuhTAPXiwjwJCjySzLFQ&oe=6880A33A","gender":"MALE","type":"User","isFriend":false,"isBirthday":false},{"id":"61571819521883","name":"Kim Nhi","firstName":"Kim","vanity":"kim.nhi.959023","thumbSrc":"https://scontent-bom2-1.xx.fbcdn.net/v/t39.30808-1/495223733_122123127242727317_3232457757936335141_n.jpg?stp=dst-jpg_s200x200_tt6&_nc_cat=108&ccb=1-7&_nc_sid=1d2534&_nc_ohc=Wo7pc4O5dhcQ7kNvwEuvsaj&_nc_oc=AdnS08gOh9E6YKQ9MmRgKT02YMTONKuTUH457ucOmBtDz99OYXTup-zsBcHdFsOIknw&_nc_zt=24&_nc_ht=scontent-bom2-1.xx&_nc_gid=L9JyoM8dGxgS1lg5A-8KrQ&oh=00_AfMlD0DVaGvfZk0IOiG8tP5XwaK9tuqgA6imoMK3zj8pxA&oe=685EE163","profileUrl":"https://scontent-bom2-1.xx.fbcdn.net/v/t39.30808-1/495223733_122123127242727317_3232457757936335141_n.jpg?stp=dst-jpg_s200x200_tt6&_nc_cat=108&ccb=1-7&_nc_sid=1d2534&_nc_ohc=Wo7pc4O5dhcQ7kNvwEuvsaj&_nc_oc=AdnS08gOh9E6YKQ9MmRgKT02YMTONKuTUH457ucOmBtDz99OYXTup-zsBcHdFsOIknw&_nc_zt=24&_nc_ht=scontent-bom2-1.xx&_nc_gid=L9JyoM8dGxgS1lg5A-8KrQ&oh=00_AfMlD0DVaGvfZk0IOiG8tP5XwaK9tuqgA6imoMK3zj8pxA&oe=685EE163","gender":"FEMALE","type":"User","isFriend":false,"isBirthday":false},{"id":"61576606696030","name":"Mẫn Nhi","firstName":"Nhi","vanity":"","thumbSrc":"https://scontent-bom2-4.xx.fbcdn.net/v/t39.30808-1/499605872_122106972134886889_5943880484555703070_n.jpg?stp=c0.0.736.736a_dst-jpg_s200x200_tt6&_nc_cat=106&ccb=1-7&_nc_sid=e99d92&_nc_ohc=B7JJBEhRtW4Q7kNvwHZouFq&_nc_oc=AdnroBuKAv969RoKovI740aiImoheP5AeOpCtcEaOQr9jICnLLoi3nCpyij-Ryy3lKs&_nc_zt=24&_nc_ht=scontent-bom2-4.xx&_nc_gid=L9JyoM8dGxgS1lg5A-8KrQ&oh=00_AfOav_MykrItbYpm9-r7n8to6synj0oxlrFgq613L4Pc9w&oe=685F129F","profileUrl":"https://scontent-bom2-4.xx.fbcdn.net/v/t39.30808-1/499605872_122106972134886889_5943880484555703070_n.jpg?stp=c0.0.736.736a_dst-jpg_s200x200_tt6&_nc_cat=106&ccb=1-7&_nc_sid=e99d92&_nc_ohc=B7JJBEhRtW4Q7kNvwHZouFq&_nc_oc=AdnroBuKAv969RoKovI740aiImoheP5AeOpCtcEaOQr9jICnLLoi3nCpyij-Ryy3lKs&_nc_zt=24&_nc_ht=scontent-bom2-4.xx&_nc_gid=L9JyoM8dGxgS1lg5A-8KrQ&oh=00_AfOav_MykrItbYpm9-r7n8to6synj0oxlrFgq613L4Pc9w&oe=685F129F","gender":"FEMALE","type":"User","isFriend":false,"isBirthday":false},{"id":"61576664972597","name":"Kieu Duy Ank","firstName":"Kieu","vanity":"duykhanhdth","thumbSrc":"https://scontent-bom1-1.xx.fbcdn.net/v/t1.30497-1/453178253_471506465671661_2781666950760530985_n.png?stp=dst-png_s200x200&_nc_cat=1&ccb=1-7&_nc_sid=136b72&_nc_ohc=cngcqYQ8dQ0Q7kNvwEXbnV3&_nc_oc=AdkY5Em5VX_bNFN10bYLcKv6B-yR_0YsTHRhFJ9dbTPwX9WvvYn6Wg0ufSk6JASosF8&_nc_zt=24&_nc_ht=scontent-bom1-1.xx&oh=00_AfPt-yTJBTpTjQOF9bz-2dhGFIwuhTAPXiwjwJCjySzLFQ&oe=6880A33A","profileUrl":"https://scontent-bom1-1.xx.fbcdn.net/v/t1.30497-1/453178253_471506465671661_2781666950760530985_n.png?stp=dst-png_s200x200&_nc_cat=1&ccb=1-7&_nc_sid=136b72&_nc_ohc=cngcqYQ8dQ0Q7kNvwEXbnV3&_nc_oc=AdkY5Em5VX_bNFN10bYLcKv6B-yR_0YsTHRhFJ9dbTPwX9WvvYn6Wg0ufSk6JASosF8&_nc_zt=24&_nc_ht=scontent-bom1-1.xx&oh=00_AfPt-yTJBTpTjQOF9bz-2dhGFIwuhTAPXiwjwJCjySzLFQ&oe=6880A33A","gender":"MALE","type":"User","isFriend":false,"isBirthday":false},{"id":"61577597250463","name":"Bot Curumi","firstName":"Bot","vanity":"","thumbSrc":"https://scontent-bom2-4.xx.fbcdn.net/v/t39.30808-1/509179510_122097964298919908_5317048436161292408_n.jpg?stp=dst-jpg_s200x200_tt6&_nc_cat=102&ccb=1-7&_nc_sid=e99d92&_nc_ohc=CyCZHRVR9m0Q7kNvwEn26MX&_nc_oc=AdnA3H2HlPs_8vioWcQ370nBfLuFCaG-5JS_CRm_R0eG0zmzZs15aljGnlDvlwxw5qk&_nc_zt=24&_nc_ht=scontent-bom2-4.xx&_nc_gid=L9JyoM8dGxgS1lg5A-8KrQ&oh=00_AfOjVmcB1QxIJiMQG1MFsNSPKfzm62eq-Hzsrak8vZzXUA&oe=685F060D","profileUrl":"https://scontent-bom2-4.xx.fbcdn.net/v/t39.30808-1/509179510_122097964298919908_5317048436161292408_n.jpg?stp=dst-jpg_s200x200_tt6&_nc_cat=102&ccb=1-7&_nc_sid=e99d92&_nc_ohc=CyCZHRVR9m0Q7kNvwEn26MX&_nc_oc=AdnA3H2HlPs_8vioWcQ370nBfLuFCaG-5JS_CRm_R0eG0zmzZs15aljGnlDvlwxw5qk&_nc_zt=24&_nc_ht=scontent-bom2-4.xx&_nc_gid=L9JyoM8dGxgS1lg5A-8KrQ&oh=00_AfOjVmcB1QxIJiMQG1MFsNSPKfzm62eq-Hzsrak8vZzXUA&oe=685F060D","gender":"FEMALE","type":"User","isFriend":false,"isBirthday":false},{"id":"100026423383249","name":"Thuận Nguyễn","firstName":"Nguyễn","vanity":"acquy.khukho.3","thumbSrc":"https://scontent-bom2-3.xx.fbcdn.net/v/t39.30808-1/355027040_1279957809561653_2557605813789728451_n.jpg?stp=dst-jpg_s200x200_tt6&_nc_cat=110&ccb=1-7&_nc_sid=1d2534&_nc_ohc=qbkhBs1Vzr0Q7kNvwHPxDNp&_nc_oc=AdnoMVbRpLZBiEQLRmB49oMz3668JrQsMsPNSmz2B8kXK7n3Im5jGkMGxw5MmqZLqO4&_nc_zt=24&_nc_ht=scontent-bom2-3.xx&_nc_gid=L9JyoM8dGxgS1lg5A-8KrQ&oh=00_AfNdZQ3iy72c0LydoIT7bnTlDew3Q52j4kfuq2P1XNYY8w&oe=685EDDFC","profileUrl":"https://scontent-bom2-3.xx.fbcdn.net/v/t39.30808-1/355027040_1279957809561653_2557605813789728451_n.jpg?stp=dst-jpg_s200x200_tt6&_nc_cat=110&ccb=1-7&_nc_sid=1d2534&_nc_ohc=qbkhBs1Vzr0Q7kNvwHPxDNp&_nc_oc=AdnoMVbRpLZBiEQLRmB49oMz3668JrQsMsPNSmz2B8kXK7n3Im5jGkMGxw5MmqZLqO4&_nc_zt=24&_nc_ht=scontent-bom2-3.xx&_nc_gid=L9JyoM8dGxgS1lg5A-8KrQ&oh=00_AfNdZQ3iy72c0LydoIT7bnTlDew3Q52j4kfuq2P1XNYY8w&oe=685EDDFC","gender":"MALE","type":"User","isFriend":false,"isBirthday":false},{"id":"100041077553973","name":"Thuu Trangg","firstName":"Trangg","vanity":"nttt2804","thumbSrc":"https://scontent-bom1-2.xx.fbcdn.net/v/t39.30808-1/481215872_1415069689872269_2774154936963958082_n.jpg?stp=dst-jpg_s200x200_tt6&_nc_cat=109&ccb=1-7&_nc_sid=e99d92&_nc_ohc=dNQXRhHcNeUQ7kNvwE-g2pX&_nc_oc=Adn5iwXJy5WHnAmvXKVMWtfxMr1EDzIdnfChcgvXrVaczoMZv20YE_eXsGD0tBCMbZg&_nc_zt=24&_nc_ht=scontent-bom1-2.xx&_nc_gid=L9JyoM8dGxgS1lg5A-8KrQ&oh=00_AfMv2diNGNxdu_JhvTbRVj8yHWr2hFGCMaE5tMauaY7Gqg&oe=685EFD43","profileUrl":"https://scontent-bom1-2.xx.fbcdn.net/v/t39.30808-1/481215872_1415069689872269_2774154936963958082_n.jpg?stp=dst-jpg_s200x200_tt6&_nc_cat=109&ccb=1-7&_nc_sid=e99d92&_nc_ohc=dNQXRhHcNeUQ7kNvwE-g2pX&_nc_oc=Adn5iwXJy5WHnAmvXKVMWtfxMr1EDzIdnfChcgvXrVaczoMZv20YE_eXsGD0tBCMbZg&_nc_zt=24&_nc_ht=scontent-bom1-2.xx&_nc_gid=L9JyoM8dGxgS1lg5A-8KrQ&oh=00_AfMv2diNGNxdu_JhvTbRVj8yHWr2hFGCMaE5tMauaY7Gqg&oe=685EFD43","gender":"FEMALE","type":"User","isFriend":false,"isBirthday":false},{"id":"100042125479518","name":"Quoc Nhut","firstName":"Quoc","vanity":"quoc.nhut.998763","thumbSrc":"https://scontent-bom2-1.xx.fbcdn.net/v/t39.30808-1/474614432_1344776016936568_1997012872933005194_n.jpg?stp=dst-jpg_s200x200_tt6&_nc_cat=108&ccb=1-7&_nc_sid=e99d92&_nc_ohc=BwTsc4nZB7wQ7kNvwGKy2q3&_nc_oc=AdmxkPWr9WT7MPbAO5n27HjkUCe8ucbjGI39w6iKEU1un-3imUo2lbZh6TQZebmYgZ8&_nc_zt=24&_nc_ht=scontent-bom2-1.xx&_nc_gid=L9JyoM8dGxgS1lg5A-8KrQ&oh=00_AfOZ07AckHpf-j16TMDgjPkdHDZ6WpZVXwMocDIGZAW47g&oe=685F1550","profileUrl":"https://scontent-bom2-1.xx.fbcdn.net/v/t39.30808-1/474614432_1344776016936568_1997012872933005194_n.jpg?stp=dst-jpg_s200x200_tt6&_nc_cat=108&ccb=1-7&_nc_sid=e99d92&_nc_ohc=BwTsc4nZB7wQ7kNvwGKy2q3&_nc_oc=AdmxkPWr9WT7MPbAO5n27HjkUCe8ucbjGI39w6iKEU1un-3imUo2lbZh6TQZebmYgZ8&_nc_zt=24&_nc_ht=scontent-bom2-1.xx&_nc_gid=L9JyoM8dGxgS1lg5A-8KrQ&oh=00_AfOZ07AckHpf-j16TMDgjPkdHDZ6WpZVXwMocDIGZAW47g&oe=685F1550","gender":"MALE","type":"User","isFriend":false,"isBirthday":false},{"id":"100048286966787","name":"Ng Van Chien 🧸 💤","firstName":"Ng","vanity":"vanchiendzs","thumbSrc":"https://scontent-bom1-1.xx.fbcdn.net/v/t39.30808-1/508043035_1224020645884156_8148365160286629335_n.jpg?stp=dst-jpg_s200x200_tt6&_nc_cat=104&ccb=1-7&_nc_sid=e99d92&_nc_ohc=nN9RFuKAlYEQ7kNvwHEfyQo&_nc_oc=AdlIpPMDJNHxbdktYKG5L1G-lbOBSZ1-X33OR302KBVQVzWMFPfxwBzaU4ZfHzL7PBw&_nc_zt=24&_nc_ht=scontent-bom1-1.xx&_nc_gid=L9JyoM8dGxgS1lg5A-8KrQ&oh=00_AfP1LJatJjq73pVbmV0YaRI0ZQhW9av9MXw4d1xXa-Iz3A&oe=685EF29B","profileUrl":"https://scontent-bom1-1.xx.fbcdn.net/v/t39.30808-1/508043035_1224020645884156_8148365160286629335_n.jpg?stp=dst-jpg_s200x200_tt6&_nc_cat=104&ccb=1-7&_nc_sid=e99d92&_nc_ohc=nN9RFuKAlYEQ7kNvwHEfyQo&_nc_oc=AdlIpPMDJNHxbdktYKG5L1G-lbOBSZ1-X33OR302KBVQVzWMFPfxwBzaU4ZfHzL7PBw&_nc_zt=24&_nc_ht=scontent-bom1-1.xx&_nc_gid=L9JyoM8dGxgS1lg5A-8KrQ&oh=00_AfP1LJatJjq73pVbmV0YaRI0ZQhW9av9MXw4d1xXa-Iz3A&oe=685EF29B","gender":"MALE","type":"User","isFriend":false,"isBirthday":false},{"id":"100051458845173","name":"Tuấn Gupo","firstName":"Gupo","vanity":"tuan.gupo","thumbSrc":"https://scontent-bom2-4.xx.fbcdn.net/v/t39.30808-1/499688505_1362876465437635_7887190440510534898_n.jpg?stp=dst-jpg_s200x200_tt6&_nc_cat=106&ccb=1-7&_nc_sid=e99d92&_nc_ohc=Y5H52m2SJtEQ7kNvwFcwZ0i&_nc_oc=AdkzrpcW0o5IRhqGXE7gm3-pVlN2VCrJfXFL6PHjdOlGb7AcNmqHiz8StN3vl2asCdY&_nc_zt=24&_nc_ht=scontent-bom2-4.xx&_nc_gid=L9JyoM8dGxgS1lg5A-8KrQ&oh=00_AfNDc9AtO63NlrAeqGC209oEvFGVVY5ksV1tRSrE-oSG_w&oe=685EE96C","profileUrl":"https://scontent-bom2-4.xx.fbcdn.net/v/t39.30808-1/499688505_1362876465437635_7887190440510534898_n.jpg?stp=dst-jpg_s200x200_tt6&_nc_cat=106&ccb=1-7&_nc_sid=e99d92&_nc_ohc=Y5H52m2SJtEQ7kNvwFcwZ0i&_nc_oc=AdkzrpcW0o5IRhqGXE7gm3-pVlN2VCrJfXFL6PHjdOlGb7AcNmqHiz8StN3vl2asCdY&_nc_zt=24&_nc_ht=scontent-bom2-4.xx&_nc_gid=L9JyoM8dGxgS1lg5A-8KrQ&oh=00_AfNDc9AtO63NlrAeqGC209oEvFGVVY5ksV1tRSrE-oSG_w&oe=685EE96C","gender":"MALE","type":"User","isFriend":false,"isBirthday":false},{"id":"100053001679462","name":"Phương Phương","firstName":"Phương","vanity":"phuong.phuong.801003","thumbSrc":"https://scontent-bom2-1.xx.fbcdn.net/v/t39.30808-1/506851606_1296053125504731_1967255649914212725_n.jpg?stp=dst-jpg_s200x200_tt6&_nc_cat=105&ccb=1-7&_nc_sid=e99d92&_nc_ohc=hOQJ4QN3WtgQ7kNvwH8PSAq&_nc_oc=AdnojK7G3hGDOXpIzyKQg2vjP4Zm97lSFQR0WsdptRraiDOJ8LleiW3PEXpCcCMyb8k&_nc_zt=24&_nc_ht=scontent-bom2-1.xx&_nc_gid=L9JyoM8dGxgS1lg5A-8KrQ&oh=00_AfODqjX3_KOgfw7owyzs9PYBenQss8HJvuawP6y99h4e3Q&oe=685EFF50","profileUrl":"https://scontent-bom2-1.xx.fbcdn.net/v/t39.30808-1/506851606_1296053125504731_1967255649914212725_n.jpg?stp=dst-jpg_s200x200_tt6&_nc_cat=105&ccb=1-7&_nc_sid=e99d92&_nc_ohc=hOQJ4QN3WtgQ7kNvwH8PSAq&_nc_oc=AdnojK7G3hGDOXpIzyKQg2vjP4Zm97lSFQR0WsdptRraiDOJ8LleiW3PEXpCcCMyb8k&_nc_zt=24&_nc_ht=scontent-bom2-1.xx&_nc_gid=L9JyoM8dGxgS1lg5A-8KrQ&oh=00_AfODqjX3_KOgfw7owyzs9PYBenQss8HJvuawP6y99h4e3Q&oe=685EFF50","gender":"FEMALE","type":"User","isFriend":false,"isBirthday":false},{"id":"100057222744158","name":"Đỗ Nam","firstName":"Nam","vanity":"onam.986053","thumbSrc":"https://scontent-bom1-1.xx.fbcdn.net/v/t1.30497-1/453178253_471506465671661_2781666950760530985_n.png?stp=dst-png_s200x200&_nc_cat=1&ccb=1-7&_nc_sid=b224c7&_nc_ohc=cngcqYQ8dQ0Q7kNvwEXbnV3&_nc_oc=AdkY5Em5VX_bNFN10bYLcKv6B-yR_0YsTHRhFJ9dbTPwX9WvvYn6Wg0ufSk6JASosF8&_nc_zt=24&_nc_ht=scontent-bom1-1.xx&oh=00_AfPt-yTJBTpTjQOF9bz-2dhGFIwuhTAPXiwjwJCjySzLFQ&oe=6880A33A","profileUrl":"https://scontent-bom1-1.xx.fbcdn.net/v/t1.30497-1/453178253_471506465671661_2781666950760530985_n.png?stp=dst-png_s200x200&_nc_cat=1&ccb=1-7&_nc_sid=b224c7&_nc_ohc=cngcqYQ8dQ0Q7kNvwEXbnV3&_nc_oc=AdkY5Em5VX_bNFN10bYLcKv6B-yR_0YsTHRhFJ9dbTPwX9WvvYn6Wg0ufSk6JASosF8&_nc_zt=24&_nc_ht=scontent-bom1-1.xx&oh=00_AfPt-yTJBTpTjQOF9bz-2dhGFIwuhTAPXiwjwJCjySzLFQ&oe=6880A33A","gender":"MALE","type":"User","isFriend":false,"isBirthday":false},{"id":"100063577909865","name":"NgMinh Vượng","firstName":"Vượng","vanity":"vuong.minhh.779","thumbSrc":"https://scontent-bom1-1.xx.fbcdn.net/v/t39.30808-1/489781953_1257967016332550_4676218935768733563_n.jpg?stp=dst-jpg_s200x200_tt6&_nc_cat=107&ccb=1-7&_nc_sid=e99d92&_nc_ohc=9XC3l_PqWe4Q7kNvwGPJBMl&_nc_oc=Adm76MH1PtC4BrYNpIJ1ulmLNO2mrrhocw5AXVvDDVUoUsntO0uC5wOga4VuqhpFQw0&_nc_zt=24&_nc_ht=scontent-bom1-1.xx&_nc_gid=L9JyoM8dGxgS1lg5A-8KrQ&oh=00_AfMSRuoMH4tmvsOhUWeb4qCjvPBKUpcJmNPHqwX3Py0Dfw&oe=685EF330","profileUrl":"https://scontent-bom1-1.xx.fbcdn.net/v/t39.30808-1/489781953_1257967016332550_4676218935768733563_n.jpg?stp=dst-jpg_s200x200_tt6&_nc_cat=107&ccb=1-7&_nc_sid=e99d92&_nc_ohc=9XC3l_PqWe4Q7kNvwGPJBMl&_nc_oc=Adm76MH1PtC4BrYNpIJ1ulmLNO2mrrhocw5AXVvDDVUoUsntO0uC5wOga4VuqhpFQw0&_nc_zt=24&_nc_ht=scontent-bom1-1.xx&_nc_gid=L9JyoM8dGxgS1lg5A-8KrQ&oh=00_AfMSRuoMH4tmvsOhUWeb4qCjvPBKUpcJmNPHqwX3Py0Dfw&oe=685EF330","gender":"MALE","type":"User","isFriend":false,"isBirthday":false},{"id":"100064189479266","name":"Thương Ngáo","firstName":"Thương","vanity":"thuong.ngao.430300","thumbSrc":"https://scontent-bom2-3.xx.fbcdn.net/v/t39.30808-1/499606931_1082539850562321_1765116968936038596_n.jpg?stp=dst-jpg_s200x200_tt6&_nc_cat=110&ccb=1-7&_nc_sid=e99d92&_nc_ohc=aC4AIZ1jFLQQ7kNvwGT4iS_&_nc_oc=AdlEKEBG6fjWkD3nU3oT_zMvenj9YaOR3QvPSIkYVCJ_Wqhiwn5igcH7WcBuhCMMh4o&_nc_zt=24&_nc_ht=scontent-bom2-3.xx&_nc_gid=L9JyoM8dGxgS1lg5A-8KrQ&oh=00_AfNzv8k75fNDcj1c_6_gP_OgheJgNPSoA4zyWh0M_PfFpQ&oe=685F0777","profileUrl":"https://scontent-bom2-3.xx.fbcdn.net/v/t39.30808-1/499606931_1082539850562321_1765116968936038596_n.jpg?stp=dst-jpg_s200x200_tt6&_nc_cat=110&ccb=1-7&_nc_sid=e99d92&_nc_ohc=aC4AIZ1jFLQQ7kNvwGT4iS_&_nc_oc=AdlEKEBG6fjWkD3nU3oT_zMvenj9YaOR3QvPSIkYVCJ_Wqhiwn5igcH7WcBuhCMMh4o&_nc_zt=24&_nc_ht=scontent-bom2-3.xx&_nc_gid=L9JyoM8dGxgS1lg5A-8KrQ&oh=00_AfNzv8k75fNDcj1c_6_gP_OgheJgNPSoA4zyWh0M_PfFpQ&oe=685F0777","gender":"MALE","type":"User","isFriend":false,"isBirthday":false},{"id":"100066249936519","name":"Van An","firstName":"An","vanity":"nguyen.an.0987","thumbSrc":"https://scontent-bom1-1.xx.fbcdn.net/v/t1.30497-1/453178253_471506465671661_2781666950760530985_n.png?stp=dst-png_s200x200&_nc_cat=1&ccb=1-7&_nc_sid=136b72&_nc_ohc=cngcqYQ8dQ0Q7kNvwEXbnV3&_nc_oc=AdkY5Em5VX_bNFN10bYLcKv6B-yR_0YsTHRhFJ9dbTPwX9WvvYn6Wg0ufSk6JASosF8&_nc_zt=24&_nc_ht=scontent-bom1-1.xx&oh=00_AfPt-yTJBTpTjQOF9bz-2dhGFIwuhTAPXiwjwJCjySzLFQ&oe=6880A33A","profileUrl":"https://scontent-bom1-1.xx.fbcdn.net/v/t1.30497-1/453178253_471506465671661_2781666950760530985_n.png?stp=dst-png_s200x200&_nc_cat=1&ccb=1-7&_nc_sid=136b72&_nc_ohc=cngcqYQ8dQ0Q7kNvwEXbnV3&_nc_oc=AdkY5Em5VX_bNFN10bYLcKv6B-yR_0YsTHRhFJ9dbTPwX9WvvYn6Wg0ufSk6JASosF8&_nc_zt=24&_nc_ht=scontent-bom1-1.xx&oh=00_AfPt-yTJBTpTjQOF9bz-2dhGFIwuhTAPXiwjwJCjySzLFQ&oe=6880A33A","gender":"MALE","type":"User","isFriend":false,"isBirthday":false},{"id":"100067839414779","name":"Hoàng Tử Đá","firstName":"Hoàng Tử","vanity":"hungfly.2002","thumbSrc":"https://scontent-bom2-3.xx.fbcdn.net/v/t39.30808-1/500228330_1030455532559084_2462383703500269370_n.jpg?stp=cp6_dst-jpg_s200x200_tt6&_nc_cat=103&ccb=1-7&_nc_sid=1d2534&_nc_ohc=0xkclU4z05wQ7kNvwHgNYgE&_nc_oc=AdlP--cuC6B8rpolwGPBfikBv1NFr1KcWXFAWwRx-01y45VbN1jc_CyCo2JrDQZCDfQ&_nc_zt=24&_nc_ht=scontent-bom2-3.xx&_nc_gid=L9JyoM8dGxgS1lg5A-8KrQ&oh=00_AfNXvYk4ouqvmXb1RDSd28iB7kYbyZVElw3eBbR0FvhdnA&oe=685EF9B3","profileUrl":"https://scontent-bom2-3.xx.fbcdn.net/v/t39.30808-1/500228330_1030455532559084_2462383703500269370_n.jpg?stp=cp6_dst-jpg_s200x200_tt6&_nc_cat=103&ccb=1-7&_nc_sid=1d2534&_nc_ohc=0xkclU4z05wQ7kNvwHgNYgE&_nc_oc=AdlP--cuC6B8rpolwGPBfikBv1NFr1KcWXFAWwRx-01y45VbN1jc_CyCo2JrDQZCDfQ&_nc_zt=24&_nc_ht=scontent-bom2-3.xx&_nc_gid=L9JyoM8dGxgS1lg5A-8KrQ&oh=00_AfNXvYk4ouqvmXb1RDSd28iB7kYbyZVElw3eBbR0FvhdnA&oe=685EF9B3","gender":"MALE","type":"User","isFriend":false,"isBirthday":false},{"id":"100068654877002","name":"An Khánh","firstName":"Khánh","vanity":"khansqr","thumbSrc":"https://scontent-bom1-2.xx.fbcdn.net/v/t39.30808-1/506463729_1006588208306332_2833936799982108663_n.jpg?stp=dst-jpg_s200x200_tt6&_nc_cat=109&ccb=1-7&_nc_sid=e99d92&_nc_ohc=wuseYs_r4hMQ7kNvwHL9dqs&_nc_oc=AdkKWHDxmoejgOtogjf_-snhgI-tUknaVG0JtNE4w3BJ-tNCKPEtZVSnZIPeSuay2tU&_nc_zt=24&_nc_ht=scontent-bom1-2.xx&_nc_gid=L9JyoM8dGxgS1lg5A-8KrQ&oh=00_AfMjgDuOrL-liHKOyb3Zy6mAliwqfGEsY6oMiNlwSfqD6Q&oe=685F083A","profileUrl":"https://scontent-bom1-2.xx.fbcdn.net/v/t39.30808-1/506463729_1006588208306332_2833936799982108663_n.jpg?stp=dst-jpg_s200x200_tt6&_nc_cat=109&ccb=1-7&_nc_sid=e99d92&_nc_ohc=wuseYs_r4hMQ7kNvwHL9dqs&_nc_oc=AdkKWHDxmoejgOtogjf_-snhgI-tUknaVG0JtNE4w3BJ-tNCKPEtZVSnZIPeSuay2tU&_nc_zt=24&_nc_ht=scontent-bom1-2.xx&_nc_gid=L9JyoM8dGxgS1lg5A-8KrQ&oh=00_AfMjgDuOrL-liHKOyb3Zy6mAliwqfGEsY6oMiNlwSfqD6Q&oe=685F083A","gender":"FEMALE","type":"User","isFriend":false,"isBirthday":false},{"id":"100069461232832","name":"Tấn Vũ 🦅","firstName":"Tấn","vanity":"tan.vu.839725","thumbSrc":"https://scontent-bom1-2.xx.fbcdn.net/v/t39.30808-1/500999445_980407304284635_7696004215483204701_n.jpg?stp=dst-jpg_s200x200_tt6&_nc_cat=109&ccb=1-7&_nc_sid=e99d92&_nc_ohc=q7yYh9583QMQ7kNvwFEH2DV&_nc_oc=AdnPs2UuBrVvmUsiACdK0b-x1CzTego7XskxJ4H95PjfHipgZjon04KAkdtAfHQP8B8&_nc_zt=24&_nc_ht=scontent-bom1-2.xx&_nc_gid=L9JyoM8dGxgS1lg5A-8KrQ&oh=00_AfN9TCcitxRa1K4Jr_F02MknT8dpMgD8dJbFhrJdcaJmgg&oe=685F145B","profileUrl":"https://scontent-bom1-2.xx.fbcdn.net/v/t39.30808-1/500999445_980407304284635_7696004215483204701_n.jpg?stp=dst-jpg_s200x200_tt6&_nc_cat=109&ccb=1-7&_nc_sid=e99d92&_nc_ohc=q7yYh9583QMQ7kNvwFEH2DV&_nc_oc=AdnPs2UuBrVvmUsiACdK0b-x1CzTego7XskxJ4H95PjfHipgZjon04KAkdtAfHQP8B8&_nc_zt=24&_nc_ht=scontent-bom1-2.xx&_nc_gid=L9JyoM8dGxgS1lg5A-8KrQ&oh=00_AfN9TCcitxRa1K4Jr_F02MknT8dpMgD8dJbFhrJdcaJmgg&oe=685F145B","gender":"MALE","type":"User","isFriend":false,"isBirthday":false},{"id":"100069531715711","name":"Thanh Hằng","firstName":"Hằng","vanity":"thanh.hang.102033","thumbSrc":"https://scontent-bom2-1.xx.fbcdn.net/v/t39.30808-1/463374563_867475455580170_7457640397782066962_n.jpg?stp=dst-jpg_s200x200_tt6&_nc_cat=108&ccb=1-7&_nc_sid=e99d92&_nc_ohc=PNRmk4gIjE8Q7kNvwEetxD5&_nc_oc=AdnC0VYMnFIlmzXgNV27op_97o_ro2lKZ0eTARPwPD4qyRHZXy8MAU9vnBZ_jOiBEZc&_nc_zt=24&_nc_ht=scontent-bom2-1.xx&_nc_gid=L9JyoM8dGxgS1lg5A-8KrQ&oh=00_AfN-uACYLLOPLkzZVd0JfKpVWTR0aTJtFslROGl05reI9Q&oe=685EE1D7","profileUrl":"https://scontent-bom2-1.xx.fbcdn.net/v/t39.30808-1/463374563_867475455580170_7457640397782066962_n.jpg?stp=dst-jpg_s200x200_tt6&_nc_cat=108&ccb=1-7&_nc_sid=e99d92&_nc_ohc=PNRmk4gIjE8Q7kNvwEetxD5&_nc_oc=AdnC0VYMnFIlmzXgNV27op_97o_ro2lKZ0eTARPwPD4qyRHZXy8MAU9vnBZ_jOiBEZc&_nc_zt=24&_nc_ht=scontent-bom2-1.xx&_nc_gid=L9JyoM8dGxgS1lg5A-8KrQ&oh=00_AfN-uACYLLOPLkzZVd0JfKpVWTR0aTJtFslROGl05reI9Q&oe=685EE1D7","gender":"FEMALE","type":"User","isFriend":false,"isBirthday":false},{"id":"100069869822111","name":"Nguyễn Ngọc Lan Anh","firstName":"Nguyễn Ngọc","vanity":"lanhlalanhnha","thumbSrc":"https://scontent-bom2-4.xx.fbcdn.net/v/t39.30808-1/512565375_1031961975809454_7738093191722634973_n.jpg?stp=dst-jpg_s200x200_tt6&_nc_cat=106&ccb=1-7&_nc_sid=1d2534&_nc_ohc=LY2S3srf72sQ7kNvwEjaGC7&_nc_oc=Adk_luYCF6rjVBPJXP-Isy5D0R0T4vlnxMnqLUbIYsTt6rmcWETEZhi7-qekUgtoMNY&_nc_zt=24&_nc_ht=scontent-bom2-4.xx&_nc_gid=L9JyoM8dGxgS1lg5A-8KrQ&oh=00_AfOAuPAtoOje_0XZgGb1l1WUK9Yb5JT_38GzzLpDOSIupg&oe=685EE5A2","profileUrl":"https://scontent-bom2-4.xx.fbcdn.net/v/t39.30808-1/512565375_1031961975809454_7738093191722634973_n.jpg?stp=dst-jpg_s200x200_tt6&_nc_cat=106&ccb=1-7&_nc_sid=1d2534&_nc_ohc=LY2S3srf72sQ7kNvwEjaGC7&_nc_oc=Adk_luYCF6rjVBPJXP-Isy5D0R0T4vlnxMnqLUbIYsTt6rmcWETEZhi7-qekUgtoMNY&_nc_zt=24&_nc_ht=scontent-bom2-4.xx&_nc_gid=L9JyoM8dGxgS1lg5A-8KrQ&oh=00_AfOAuPAtoOje_0XZgGb1l1WUK9Yb5JT_38GzzLpDOSIupg&oe=685EE5A2","gender":"FEMALE","type":"User","isFriend":false,"isBirthday":false},{"id":"100072158266181","name":"Gia Minh","firstName":"Gia","vanity":"bi.gm.1805","thumbSrc":"https://scontent-bom1-2.xx.fbcdn.net/v/t39.30808-1/502560204_720111083737494_7644619859342131101_n.jpg?stp=dst-jpg_s200x200_tt6&_nc_cat=100&ccb=1-7&_nc_sid=1d2534&_nc_ohc=z-vnwOqDrC0Q7kNvwHiPNVn&_nc_oc=AdnclcECLppb54aIJ1M7BPAI9N78zY5_DVy26xTIDO46AgBG_2WwJQ5ddFkM7iGxXMc&_nc_zt=24&_nc_ht=scontent-bom1-2.xx&_nc_gid=L9JyoM8dGxgS1lg5A-8KrQ&oh=00_AfPQLeJ4s8avymn93AvrltNHWM4PUOU9XnGh__Bwhwq0lQ&oe=685EFD0E","profileUrl":"https://scontent-bom1-2.xx.fbcdn.net/v/t39.30808-1/502560204_720111083737494_7644619859342131101_n.jpg?stp=dst-jpg_s200x200_tt6&_nc_cat=100&ccb=1-7&_nc_sid=1d2534&_nc_ohc=z-vnwOqDrC0Q7kNvwHiPNVn&_nc_oc=AdnclcECLppb54aIJ1M7BPAI9N78zY5_DVy26xTIDO46AgBG_2WwJQ5ddFkM7iGxXMc&_nc_zt=24&_nc_ht=scontent-bom1-2.xx&_nc_gid=L9JyoM8dGxgS1lg5A-8KrQ&oh=00_AfPQLeJ4s8avymn93AvrltNHWM4PUOU9XnGh__Bwhwq0lQ&oe=685EFD0E","gender":"NEUTER","type":"User","isFriend":false,"isBirthday":false},{"id":"100072451285668","name":"Ng Văn Chiến","firstName":"Chiến","vanity":"","thumbSrc":"https://scontent-bom1-1.xx.fbcdn.net/v/t39.30808-1/504903283_722292780195758_2822309636181561956_n.jpg?stp=dst-jpg_s200x200_tt6&_nc_cat=104&ccb=1-7&_nc_sid=1d2534&_nc_ohc=pQomdpcYiHQQ7kNvwE1A9kf&_nc_oc=AdnC-00o2rMw-nGC5x7V7CQWYuK_EsfNIyFwB8QLpRdrfFKalY0kHiPuZ3D9rJXOvrE&_nc_zt=24&_nc_ht=scontent-bom1-1.xx&_nc_gid=L9JyoM8dGxgS1lg5A-8KrQ&oh=00_AfMgzX8yy3KDAfw91UAie8NVBEzB_wHXGrDLSL09xiUTpw&oe=685EF58B","profileUrl":"https://scontent-bom1-1.xx.fbcdn.net/v/t39.30808-1/504903283_722292780195758_2822309636181561956_n.jpg?stp=dst-jpg_s200x200_tt6&_nc_cat=104&ccb=1-7&_nc_sid=1d2534&_nc_ohc=pQomdpcYiHQQ7kNvwE1A9kf&_nc_oc=AdnC-00o2rMw-nGC5x7V7CQWYuK_EsfNIyFwB8QLpRdrfFKalY0kHiPuZ3D9rJXOvrE&_nc_zt=24&_nc_ht=scontent-bom1-1.xx&_nc_gid=L9JyoM8dGxgS1lg5A-8KrQ&oh=00_AfMgzX8yy3KDAfw91UAie8NVBEzB_wHXGrDLSL09xiUTpw&oe=685EF58B","gender":"MALE","type":"User","isFriend":false,"isBirthday":false},{"id":"100074478588534","name":"Minh Dusk","firstName":"Minh","vanity":"minh.dusk.2025","thumbSrc":"https://scontent-bom1-2.xx.fbcdn.net/v/t39.30808-1/506470731_731027322723214_1913463756740808512_n.jpg?stp=dst-jpg_s200x200_tt6&_nc_cat=109&ccb=1-7&_nc_sid=e99d92&_nc_ohc=nWYMk8i1KJYQ7kNvwFF8pve&_nc_oc=Adl9Qp6QNEHv32FhO4S44d2d68IB3LA0XIWbXhJFzhQQRzSvh6IQLfOORK8APMUQQrg&_nc_zt=24&_nc_ht=scontent-bom1-2.xx&_nc_gid=L9JyoM8dGxgS1lg5A-8KrQ&oh=00_AfM4xqq1gX9qVYMEgWaEllsAO0XW-Te9pJzB5GLviJHDfw&oe=685EEC0F","profileUrl":"https://scontent-bom1-2.xx.fbcdn.net/v/t39.30808-1/506470731_731027322723214_1913463756740808512_n.jpg?stp=dst-jpg_s200x200_tt6&_nc_cat=109&ccb=1-7&_nc_sid=e99d92&_nc_ohc=nWYMk8i1KJYQ7kNvwFF8pve&_nc_oc=Adl9Qp6QNEHv32FhO4S44d2d68IB3LA0XIWbXhJFzhQQRzSvh6IQLfOORK8APMUQQrg&_nc_zt=24&_nc_ht=scontent-bom1-2.xx&_nc_gid=L9JyoM8dGxgS1lg5A-8KrQ&oh=00_AfM4xqq1gX9qVYMEgWaEllsAO0XW-Te9pJzB5GLviJHDfw&oe=685EEC0F","gender":"MALE","type":"User","isFriend":false,"isBirthday":false},{"id":"100074631341763","name":"Hoàng Huyy","firstName":"Huyy","vanity":"hhuy3708","thumbSrc":"https://scontent-bom2-4.xx.fbcdn.net/v/t39.30808-1/493893273_686602123837493_7197748973474569781_n.jpg?stp=dst-jpg_s200x200_tt6&_nc_cat=102&ccb=1-7&_nc_sid=e99d92&_nc_ohc=uh4GKjxsMXAQ7kNvwGcdiB6&_nc_oc=Admeaxx2EvtNY0-CdopctIUTCaDqW8JbmsJB9HFGqk8M5gqFZVxQhvsdrx1oJbML_iI&_nc_zt=24&_nc_ht=scontent-bom2-4.xx&_nc_gid=L9JyoM8dGxgS1lg5A-8KrQ&oh=00_AfMz9IErQ7gC5h943RrT6GXc27lpneCTmbcsVJWxEbsxcA&oe=685F1343","profileUrl":"https://scontent-bom2-4.xx.fbcdn.net/v/t39.30808-1/493893273_686602123837493_7197748973474569781_n.jpg?stp=dst-jpg_s200x200_tt6&_nc_cat=102&ccb=1-7&_nc_sid=e99d92&_nc_ohc=uh4GKjxsMXAQ7kNvwGcdiB6&_nc_oc=Admeaxx2EvtNY0-CdopctIUTCaDqW8JbmsJB9HFGqk8M5gqFZVxQhvsdrx1oJbML_iI&_nc_zt=24&_nc_ht=scontent-bom2-4.xx&_nc_gid=L9JyoM8dGxgS1lg5A-8KrQ&oh=00_AfMz9IErQ7gC5h943RrT6GXc27lpneCTmbcsVJWxEbsxcA&oe=685F1343","gender":"MALE","type":"User","isFriend":false,"isBirthday":false},{"id":"100082897621667","name":"Nguyễn Trương Khang","firstName":"Trương Khang","vanity":"nguyen.truong.khang.814800","thumbSrc":"https://scontent-bom2-2.xx.fbcdn.net/v/t39.30808-1/508820947_711671794939402_7581152393596591357_n.jpg?stp=dst-jpg_s200x200_tt6&_nc_cat=111&ccb=1-7&_nc_sid=e99d92&_nc_ohc=GSZ1P8nczaUQ7kNvwGKU02X&_nc_oc=Adl5j2EPkkuwWV19isZux_mrv59sv5gVmsjdnkNfKjtclUJ4QbC4ppLKqWb2uwksg3Y&_nc_zt=24&_nc_ht=scontent-bom2-2.xx&_nc_gid=L9JyoM8dGxgS1lg5A-8KrQ&oh=00_AfPMrHpp1IdfrQhWyLuebMZ2ijvEiGODCbNmpWjOSKCqOg&oe=685EEFD6","profileUrl":"https://scontent-bom2-2.xx.fbcdn.net/v/t39.30808-1/508820947_711671794939402_7581152393596591357_n.jpg?stp=dst-jpg_s200x200_tt6&_nc_cat=111&ccb=1-7&_nc_sid=e99d92&_nc_ohc=GSZ1P8nczaUQ7kNvwGKU02X&_nc_oc=Adl5j2EPkkuwWV19isZux_mrv59sv5gVmsjdnkNfKjtclUJ4QbC4ppLKqWb2uwksg3Y&_nc_zt=24&_nc_ht=scontent-bom2-2.xx&_nc_gid=L9JyoM8dGxgS1lg5A-8KrQ&oh=00_AfPMrHpp1IdfrQhWyLuebMZ2ijvEiGODCbNmpWjOSKCqOg&oe=685EEFD6","gender":"MALE","type":"User","isFriend":false,"isBirthday":false},{"id":"100083153124672","name":"Thu Hienn","firstName":"Hienn","vanity":"umvae","thumbSrc":"https://scontent-bom1-1.xx.fbcdn.net/v/t1.30497-1/453178253_471506465671661_2781666950760530985_n.png?stp=dst-png_s200x200&_nc_cat=1&ccb=1-7&_nc_sid=136b72&_nc_ohc=cngcqYQ8dQ0Q7kNvwEXbnV3&_nc_oc=AdkY5Em5VX_bNFN10bYLcKv6B-yR_0YsTHRhFJ9dbTPwX9WvvYn6Wg0ufSk6JASosF8&_nc_zt=24&_nc_ht=scontent-bom1-1.xx&oh=00_AfPt-yTJBTpTjQOF9bz-2dhGFIwuhTAPXiwjwJCjySzLFQ&oe=6880A33A","profileUrl":"https://scontent-bom1-1.xx.fbcdn.net/v/t1.30497-1/453178253_471506465671661_2781666950760530985_n.png?stp=dst-png_s200x200&_nc_cat=1&ccb=1-7&_nc_sid=136b72&_nc_ohc=cngcqYQ8dQ0Q7kNvwEXbnV3&_nc_oc=AdkY5Em5VX_bNFN10bYLcKv6B-yR_0YsTHRhFJ9dbTPwX9WvvYn6Wg0ufSk6JASosF8&_nc_zt=24&_nc_ht=scontent-bom1-1.xx&oh=00_AfPt-yTJBTpTjQOF9bz-2dhGFIwuhTAPXiwjwJCjySzLFQ&oe=6880A33A","gender":"FEMALE","type":"User","isFriend":false,"isBirthday":false},{"id":"100083696198265","name":"Hiền Đỗ","firstName":"Đỗ","vanity":"hien1808.25","thumbSrc":"https://scontent-bom2-3.xx.fbcdn.net/v/t39.30808-1/481254249_613929351406933_4181165866396318414_n.jpg?stp=dst-jpg_s200x200_tt6&_nc_cat=110&ccb=1-7&_nc_sid=e99d92&_nc_ohc=UgHNerl6LMoQ7kNvwEU777w&_nc_oc=Adm-rIWCEr3qEx3iY2Tx5zN7rlor1i9ii2GEkKAKCGIItBHQbX8keF-SRvCzHw0sueI&_nc_zt=24&_nc_ht=scontent-bom2-3.xx&_nc_gid=L9JyoM8dGxgS1lg5A-8KrQ&oh=00_AfMG6OgMyicTvsowNbHjPNOEN4x0mAhFVSOQtzR6y67-lw&oe=685EFDD7","profileUrl":"https://scontent-bom2-3.xx.fbcdn.net/v/t39.30808-1/481254249_613929351406933_4181165866396318414_n.jpg?stp=dst-jpg_s200x200_tt6&_nc_cat=110&ccb=1-7&_nc_sid=e99d92&_nc_ohc=UgHNerl6LMoQ7kNvwEU777w&_nc_oc=Adm-rIWCEr3qEx3iY2Tx5zN7rlor1i9ii2GEkKAKCGIItBHQbX8keF-SRvCzHw0sueI&_nc_zt=24&_nc_ht=scontent-bom2-3.xx&_nc_gid=L9JyoM8dGxgS1lg5A-8KrQ&oh=00_AfMG6OgMyicTvsowNbHjPNOEN4x0mAhFVSOQtzR6y67-lw&oe=685EFDD7","gender":"NEUTER","type":"User","isFriend":false,"isBirthday":false},{"id":"100084843855944","name":"Dương Khánh","firstName":"Khánh","vanity":"nkyeuanhh","thumbSrc":"https://scontent-bom1-2.xx.fbcdn.net/v/t39.30808-1/505453207_677802991724490_2633646998973492722_n.jpg?stp=dst-jpg_s200x200_tt6&_nc_cat=100&ccb=1-7&_nc_sid=e99d92&_nc_ohc=lUStmk6YHR8Q7kNvwFNZvY6&_nc_oc=AdmaIq8EERxP3vWhNbPjb1OSogY9YREgIfxArB6CFHtoTQ6qCyrai2LDbeaVoP5q00A&_nc_zt=24&_nc_ht=scontent-bom1-2.xx&_nc_gid=L9JyoM8dGxgS1lg5A-8KrQ&oh=00_AfPSHEA7GZqqlszgQ9ExpvwjBw52aMeKpVN1C7nxUH_cHw&oe=685EE081","profileUrl":"https://scontent-bom1-2.xx.fbcdn.net/v/t39.30808-1/505453207_677802991724490_2633646998973492722_n.jpg?stp=dst-jpg_s200x200_tt6&_nc_cat=100&ccb=1-7&_nc_sid=e99d92&_nc_ohc=lUStmk6YHR8Q7kNvwFNZvY6&_nc_oc=AdmaIq8EERxP3vWhNbPjb1OSogY9YREgIfxArB6CFHtoTQ6qCyrai2LDbeaVoP5q00A&_nc_zt=24&_nc_ht=scontent-bom1-2.xx&_nc_gid=L9JyoM8dGxgS1lg5A-8KrQ&oh=00_AfPSHEA7GZqqlszgQ9ExpvwjBw52aMeKpVN1C7nxUH_cHw&oe=685EE081","gender":"FEMALE","type":"User","isFriend":false,"isBirthday":false},{"id":"100085848161230","name":"Công Thành","firstName":"Thành","vanity":"cong.thanh.513748","thumbSrc":"https://scontent-bom2-3.xx.fbcdn.net/v/t39.30808-1/508568326_680675598137373_7110860953095223089_n.jpg?stp=cp6_dst-jpg_s200x200_tt6&_nc_cat=103&ccb=1-7&_nc_sid=e99d92&_nc_ohc=9QiSzt3Q_KoQ7kNvwHq50o7&_nc_oc=AdnkGtF7JfvODjbNOeobjpcJdFRqHGlyEL-9ADmsfxOyu6FEn9qq0fPMXfV3D1_qNOw&_nc_zt=24&_nc_ht=scontent-bom2-3.xx&_nc_gid=L9JyoM8dGxgS1lg5A-8KrQ&oh=00_AfPRRB5mxoM-8akUU5iO6UhtD9R-DEF2i-9uIxLEpXRC_Q&oe=685F11AE","profileUrl":"https://scontent-bom2-3.xx.fbcdn.net/v/t39.30808-1/508568326_680675598137373_7110860953095223089_n.jpg?stp=cp6_dst-jpg_s200x200_tt6&_nc_cat=103&ccb=1-7&_nc_sid=e99d92&_nc_ohc=9QiSzt3Q_KoQ7kNvwHq50o7&_nc_oc=AdnkGtF7JfvODjbNOeobjpcJdFRqHGlyEL-9ADmsfxOyu6FEn9qq0fPMXfV3D1_qNOw&_nc_zt=24&_nc_ht=scontent-bom2-3.xx&_nc_gid=L9JyoM8dGxgS1lg5A-8KrQ&oh=00_AfPRRB5mxoM-8akUU5iO6UhtD9R-DEF2i-9uIxLEpXRC_Q&oe=685F11AE","gender":"MALE","type":"User","isFriend":false,"isBirthday":false},{"id":"100086033984335","name":"Bat Cu Ti 🐾 🐙","firstName":"Bat","vanity":"batvshdt","thumbSrc":"https://scontent-bom2-1.xx.fbcdn.net/v/t39.30808-1/502377303_693465826864544_785738816815420449_n.jpg?stp=dst-jpg_s200x200_tt6&_nc_cat=105&ccb=1-7&_nc_sid=e99d92&_nc_ohc=_aiak41_n7AQ7kNvwGy_aqj&_nc_oc=AdkfNUmZv1O-SXJ5k8-sJg-aNCE_Ub1ymEobiiw-Qvoc6NxPBH-2GUMbtYGmadILcXQ&_nc_zt=24&_nc_ht=scontent-bom2-1.xx&_nc_gid=L9JyoM8dGxgS1lg5A-8KrQ&oh=00_AfMim7gjOK2SMlHbUytZvHiYQfYDTLBUpHH5r-K0m7cgLA&oe=685EFEC0","profileUrl":"https://scontent-bom2-1.xx.fbcdn.net/v/t39.30808-1/502377303_693465826864544_785738816815420449_n.jpg?stp=dst-jpg_s200x200_tt6&_nc_cat=105&ccb=1-7&_nc_sid=e99d92&_nc_ohc=_aiak41_n7AQ7kNvwGy_aqj&_nc_oc=AdkfNUmZv1O-SXJ5k8-sJg-aNCE_Ub1ymEobiiw-Qvoc6NxPBH-2GUMbtYGmadILcXQ&_nc_zt=24&_nc_ht=scontent-bom2-1.xx&_nc_gid=L9JyoM8dGxgS1lg5A-8KrQ&oh=00_AfMim7gjOK2SMlHbUytZvHiYQfYDTLBUpHH5r-K0m7cgLA&oe=685EFEC0","gender":"MALE","type":"User","isFriend":true,"isBirthday":false},{"id":"100087060052200","name":"Lê Thị Minh Trang","firstName":"Minh Trang","vanity":"le.thi.minh.trang.907791","thumbSrc":"https://scontent-bom1-1.xx.fbcdn.net/v/t1.30497-1/453178253_471506465671661_2781666950760530985_n.png?stp=dst-png_s200x200&_nc_cat=1&ccb=1-7&_nc_sid=b224c7&_nc_ohc=cngcqYQ8dQ0Q7kNvwEXbnV3&_nc_oc=AdkY5Em5VX_bNFN10bYLcKv6B-yR_0YsTHRhFJ9dbTPwX9WvvYn6Wg0ufSk6JASosF8&_nc_zt=24&_nc_ht=scontent-bom1-1.xx&oh=00_AfPt-yTJBTpTjQOF9bz-2dhGFIwuhTAPXiwjwJCjySzLFQ&oe=6880A33A","profileUrl":"https://scontent-bom1-1.xx.fbcdn.net/v/t1.30497-1/453178253_471506465671661_2781666950760530985_n.png?stp=dst-png_s200x200&_nc_cat=1&ccb=1-7&_nc_sid=b224c7&_nc_ohc=cngcqYQ8dQ0Q7kNvwEXbnV3&_nc_oc=AdkY5Em5VX_bNFN10bYLcKv6B-yR_0YsTHRhFJ9dbTPwX9WvvYn6Wg0ufSk6JASosF8&_nc_zt=24&_nc_ht=scontent-bom1-1.xx&oh=00_AfPt-yTJBTpTjQOF9bz-2dhGFIwuhTAPXiwjwJCjySzLFQ&oe=6880A33A","gender":"FEMALE","type":"User","isFriend":false,"isBirthday":false},{"id":"100087816976379","name":"Lee Quỳnh","firstName":"Lee","vanity":"lee.quynh.141600","thumbSrc":"https://scontent-bom1-1.xx.fbcdn.net/v/t1.30497-1/453178253_471506465671661_2781666950760530985_n.png?stp=dst-png_s200x200&_nc_cat=1&ccb=1-7&_nc_sid=136b72&_nc_ohc=cngcqYQ8dQ0Q7kNvwEXbnV3&_nc_oc=AdkY5Em5VX_bNFN10bYLcKv6B-yR_0YsTHRhFJ9dbTPwX9WvvYn6Wg0ufSk6JASosF8&_nc_zt=24&_nc_ht=scontent-bom1-1.xx&oh=00_AfPt-yTJBTpTjQOF9bz-2dhGFIwuhTAPXiwjwJCjySzLFQ&oe=6880A33A","profileUrl":"https://scontent-bom1-1.xx.fbcdn.net/v/t1.30497-1/453178253_471506465671661_2781666950760530985_n.png?stp=dst-png_s200x200&_nc_cat=1&ccb=1-7&_nc_sid=136b72&_nc_ohc=cngcqYQ8dQ0Q7kNvwEXbnV3&_nc_oc=AdkY5Em5VX_bNFN10bYLcKv6B-yR_0YsTHRhFJ9dbTPwX9WvvYn6Wg0ufSk6JASosF8&_nc_zt=24&_nc_ht=scontent-bom1-1.xx&oh=00_AfPt-yTJBTpTjQOF9bz-2dhGFIwuhTAPXiwjwJCjySzLFQ&oe=6880A33A","gender":"FEMALE","type":"User","isFriend":false,"isBirthday":false},{"id":"100087962894125","name":"Thùy Trangg","firstName":"Trangg","vanity":"trangmm00","thumbSrc":"https://scontent-bom1-2.xx.fbcdn.net/v/t39.30808-1/499570600_704184432523647_817231380160964325_n.jpg?stp=dst-jpg_s200x200_tt6&_nc_cat=109&ccb=1-7&_nc_sid=1d2534&_nc_ohc=VpY1x-7JuOQQ7kNvwHQwJeN&_nc_oc=AdmBnW6fiRtweWX73Zd1kR_J_yu-sxeQLnu1tdZQu5cAj4fBdmguSfm3Ac-2uR5sLkk&_nc_zt=24&_nc_ht=scontent-bom1-2.xx&_nc_gid=L9JyoM8dGxgS1lg5A-8KrQ&oh=00_AfNu4s1R-tE4d4_l5Suk49mMiZtv5VHQd1YrhjTmPqn14A&oe=685EEF7F","profileUrl":"https://scontent-bom1-2.xx.fbcdn.net/v/t39.30808-1/499570600_704184432523647_817231380160964325_n.jpg?stp=dst-jpg_s200x200_tt6&_nc_cat=109&ccb=1-7&_nc_sid=1d2534&_nc_ohc=VpY1x-7JuOQQ7kNvwHQwJeN&_nc_oc=AdmBnW6fiRtweWX73Zd1kR_J_yu-sxeQLnu1tdZQu5cAj4fBdmguSfm3Ac-2uR5sLkk&_nc_zt=24&_nc_ht=scontent-bom1-2.xx&_nc_gid=L9JyoM8dGxgS1lg5A-8KrQ&oh=00_AfNu4s1R-tE4d4_l5Suk49mMiZtv5VHQd1YrhjTmPqn14A&oe=685EEF7F","gender":"NEUTER","type":"User","isFriend":false,"isBirthday":false},{"id":"100089788752326","name":"Nguyễn Hoài","firstName":"Hoài","vanity":"nguyen.hoai.514802","thumbSrc":"https://scontent-bom2-4.xx.fbcdn.net/v/t39.30808-1/501650460_685706317765654_7374264196645275065_n.jpg?stp=dst-jpg_s200x200_tt6&_nc_cat=106&ccb=1-7&_nc_sid=e99d92&_nc_ohc=t84FYw7L0mYQ7kNvwE3ho1w&_nc_oc=Adl9ih2kx7mn4j7THL0V7BvVTQhQRgfVNWGxfmFiejPfjNqUmadyfgYcJOdAyAWIwE8&_nc_zt=24&_nc_ht=scontent-bom2-4.xx&_nc_gid=L9JyoM8dGxgS1lg5A-8KrQ&oh=00_AfMrOIMyiJ3xVnlCiZC4z3boHQUVq6HsUX6judAwe2xVlg&oe=685F08C8","profileUrl":"https://scontent-bom2-4.xx.fbcdn.net/v/t39.30808-1/501650460_685706317765654_7374264196645275065_n.jpg?stp=dst-jpg_s200x200_tt6&_nc_cat=106&ccb=1-7&_nc_sid=e99d92&_nc_ohc=t84FYw7L0mYQ7kNvwE3ho1w&_nc_oc=Adl9ih2kx7mn4j7THL0V7BvVTQhQRgfVNWGxfmFiejPfjNqUmadyfgYcJOdAyAWIwE8&_nc_zt=24&_nc_ht=scontent-bom2-4.xx&_nc_gid=L9JyoM8dGxgS1lg5A-8KrQ&oh=00_AfMrOIMyiJ3xVnlCiZC4z3boHQUVq6HsUX6judAwe2xVlg&oe=685F08C8","gender":"FEMALE","type":"User","isFriend":false,"isBirthday":false},{"id":"100091255445648","name":"Haa Anh","firstName":"Haa","vanity":"haa.anh.114253","thumbSrc":"https://scontent-bom1-1.xx.fbcdn.net/v/t1.30497-1/453178253_471506465671661_2781666950760530985_n.png?stp=dst-png_s200x200&_nc_cat=1&ccb=1-7&_nc_sid=136b72&_nc_ohc=cngcqYQ8dQ0Q7kNvwEXbnV3&_nc_oc=AdkY5Em5VX_bNFN10bYLcKv6B-yR_0YsTHRhFJ9dbTPwX9WvvYn6Wg0ufSk6JASosF8&_nc_zt=24&_nc_ht=scontent-bom1-1.xx&oh=00_AfPt-yTJBTpTjQOF9bz-2dhGFIwuhTAPXiwjwJCjySzLFQ&oe=6880A33A","profileUrl":"https://scontent-bom1-1.xx.fbcdn.net/v/t1.30497-1/453178253_471506465671661_2781666950760530985_n.png?stp=dst-png_s200x200&_nc_cat=1&ccb=1-7&_nc_sid=136b72&_nc_ohc=cngcqYQ8dQ0Q7kNvwEXbnV3&_nc_oc=AdkY5Em5VX_bNFN10bYLcKv6B-yR_0YsTHRhFJ9dbTPwX9WvvYn6Wg0ufSk6JASosF8&_nc_zt=24&_nc_ht=scontent-bom1-1.xx&oh=00_AfPt-yTJBTpTjQOF9bz-2dhGFIwuhTAPXiwjwJCjySzLFQ&oe=6880A33A","gender":"FEMALE","type":"User","isFriend":false,"isBirthday":false},{"id":"100093185401221","name":"Đức Quang","firstName":"Quang","vanity":"ucquangg.743259","thumbSrc":"https://scontent-bom2-3.xx.fbcdn.net/v/t39.30808-1/498645172_592852293830946_5075237169013145943_n.jpg?stp=dst-jpg_s200x200_tt6&_nc_cat=103&ccb=1-7&_nc_sid=e99d92&_nc_ohc=UnjwyJ4GfkkQ7kNvwHzqTbH&_nc_oc=AdljMR794Rk7YRl8dWHgYQ0vwKC4323H6PeNed1NEY_dwcc5p6pFkdad2B0HTQXEX8g&_nc_zt=24&_nc_ht=scontent-bom2-3.xx&_nc_gid=L9JyoM8dGxgS1lg5A-8KrQ&oh=00_AfNqo-HJcBDvGhQUhqgM_EU71QBZSnUNmpN6WIninjhacg&oe=685EF4CB","profileUrl":"https://scontent-bom2-3.xx.fbcdn.net/v/t39.30808-1/498645172_592852293830946_5075237169013145943_n.jpg?stp=dst-jpg_s200x200_tt6&_nc_cat=103&ccb=1-7&_nc_sid=e99d92&_nc_ohc=UnjwyJ4GfkkQ7kNvwHzqTbH&_nc_oc=AdljMR794Rk7YRl8dWHgYQ0vwKC4323H6PeNed1NEY_dwcc5p6pFkdad2B0HTQXEX8g&_nc_zt=24&_nc_ht=scontent-bom2-3.xx&_nc_gid=L9JyoM8dGxgS1lg5A-8KrQ&oh=00_AfNqo-HJcBDvGhQUhqgM_EU71QBZSnUNmpN6WIninjhacg&oe=685EF4CB","gender":"MALE","type":"User","isFriend":false,"isBirthday":false},{"id":"100094587188481","name":"Trần Thanh Như","firstName":"Trần","vanity":"thanh.nhu.351595","thumbSrc":"https://scontent-bom2-1.xx.fbcdn.net/v/t39.30808-1/499272654_555415704287998_834794009708368889_n.jpg?stp=dst-jpg_s200x200_tt6&_nc_cat=105&ccb=1-7&_nc_sid=1d2534&_nc_ohc=7uC_RuLvLNUQ7kNvwEpKD2l&_nc_oc=AdmO9Cg5Gz6M3gV79Vo4GJ9uR-SLky77dEtmqs3bMScuxEDbSV3pthKGxxceUZSsR14&_nc_zt=24&_nc_ht=scontent-bom2-1.xx&_nc_gid=L9JyoM8dGxgS1lg5A-8KrQ&oh=00_AfNYOj1AEPS2Yxlth5AxIozH2uhnwUgYM4EbFQliS0iT3A&oe=685EF468","profileUrl":"https://scontent-bom2-1.xx.fbcdn.net/v/t39.30808-1/499272654_555415704287998_834794009708368889_n.jpg?stp=dst-jpg_s200x200_tt6&_nc_cat=105&ccb=1-7&_nc_sid=1d2534&_nc_ohc=7uC_RuLvLNUQ7kNvwEpKD2l&_nc_oc=AdmO9Cg5Gz6M3gV79Vo4GJ9uR-SLky77dEtmqs3bMScuxEDbSV3pthKGxxceUZSsR14&_nc_zt=24&_nc_ht=scontent-bom2-1.xx&_nc_gid=L9JyoM8dGxgS1lg5A-8KrQ&oh=00_AfNYOj1AEPS2Yxlth5AxIozH2uhnwUgYM4EbFQliS0iT3A&oe=685EF468","gender":"FEMALE","type":"User","isFriend":false,"isBirthday":false}],"unreadCount":3266,"messageCount":11491,"timestamp":"1750673070795","muteUntil":null,"isGroup":true,"isSubscribed":true,"isArchived":false,"folder":"INBOX","cannotReplyReason":null,"eventReminders":[],"emoji":"👀","color":"4D4643","nicknames":{"100000312063011":"sʏɴ⋆⸜ Duy Hận Đàn Bà 05 `✦","100002685839144":">> . << • HaruBot 🤖","100009801367183":"nô lệ","100026423383249":"sʏɴ⋆⸜ chơi nhìu game 98 `✦","100041077553973":"sʏɴ⋆⸜ Chang 05 `✦","100042125479518":"sʏɴ⋆⸜ Hikaruuu 07 `✦","100044372565534":"sʏɴ⋆⸜ ly sói ⁰⁹`✦","100048286966787":"sʏɴ⋆⸜ nino + 09 `✦","100050668530854":"sʏɴ⋆⸜ Đứt Dây","100051458845173":"sʏɴ⋆⸜ Gupo 04✦","100053001679462":"sʏɴ⋆⸜ chúii 08 `✦","100054091072354":"sʏɴ⋆⸜ nie 011 `✦","100057222744158":"sʏɴ⋆⸜ DNam 03 `✦","100057634351323":"sʏɴ⋆⸜ ᵉᵇᵉㅤsᴜɴɴʏ ⁰⁷ `✦","100060697641944":"sʏɴ⋆⸜ Khoa 05  `✦","100063577909865":"sʏɴ⋆⸜ mô shi wa kê ( 2000 )","100064189479266":"sʏɴ⋆⸜ Tioboy 2k4 `✦ Tio đẹp trai nhất box","100066249936519":"sʏɴ⋆⸜ NhoEmQua 07","100066981968025":"sʏɴ⋆⸜ Lọc 02 `✦","100067839414779":"sʏɴ⋆⸜ Thùng phi 02 `✦","100068654877002":"sʏɴ⋆⸜ Tuấn Anh 07 `✦","100069461232832":"sʏɴ⋆⸜ Solo 08 `✦","100069531715711":"sʏɴ⋆⸜ Thie 06 `✦","100069869822111":"sʏɴ⋆⸜ khoailancuti 09`✦","100071641680623":"QH","100072158266181":"sʏɴ⋆⸜ buồn ia giai đoạn 2  09 `✦","100072451285668":"Nino Kawaiii","100074278195157":"duy đtrai","100074478588534":"!sʏɴ⋆⸜ăn cháo đá lưỡi  06 `✦","100074631341763":"![Boss] sʏɴ⋆⸜ huy 08😔 `✦","100081680783009":"sʏɴ⋆⸜Yamate Kudasai 07 `✦","100082897621667":"sʏɴ⋆⸜ Trkhangg [08] `✦","100083153124672":"sʏɴ⋆⸜ pủn 011 `✦","100083210059631":"sʏɴ⋆⸜ wsWen  011 `✦","100083696198265":"sʏɴ⋆⸜đéo tin đàn ông 05 `✦","100084843855944":"sʏɴ⋆⸜ai tán yêu luon 011 `✦","100085848161230":"sʏɴ⋆⸜ đỗ tốt nghiệp🍀 07 `✦","100086033984335":"sʏɴ⋆⸜ Bat 09 `✦","100087060052200":"sʏɴ⋆⸜changg 011 `✦","100087816976379":"sʏɴ⋆⸜ Kem0¹¹`✦","100087962894125":"sʏɴ⋆⸜ chongyeunk~ 09 `✦","100089788752326":"sʏɴ⋆⸜ Nhỏ này bị điên ó 🦪🍌 07 `✦","100090617067809":"sʏɴ⋆⸜ anhdadencto2m211","100091255445648":"sʏɴ⋆⸜ cam  010`✦","100093185401221":"sʏɴ⋆⸜ dquang 07 `✦","100094587188481":"sʏɴ⋆⸜ Tnhư 09 `✦","61550268891944":"sʏɴ⋆⸜ trùm móc + 010 `✦","61551932272592":"sʏɴ⋆⸜ soccu1m5 011`✦","61552525514203":"sʏɴ⋆⸜ ʹᴄᴜɴ  08 `✦","61553118287772":"sʏɴ⋆⸜ 熊猫 ²⁰¹¹`✦","61553573218455":"sʏɴ⋆⸜DontCare 05","61553693765098":"!sʏɴ⋆⸜ voiucuaanh 1970 `✦","61555830476405":"sʏɴ⋆⸜ bắt cóc trẻ con 07","61557389792782":"![BBoss]sʏɴ⋆⸜ tuananh 07 `✦","61557564113162":"sʏɴ⋆⸜ TươngTưKhoongTên 07","61557710771616":"sʏɴ⋆⸜ Meo ⁰⁹`✦","61558035303049":"sʏɴ⋆⸜ thi 06 `✦","61558296101265":"sʏɴ⋆⸜ erikdzai 05 `✦","61559545041478":"[ , ] • Thư Dthw🌷 | HSD: 30/06/2025","61560299746623":"Nika v1","61560882535534":"sʏɴ⋆⸜ Pít 06 `✦","61562514832399":"sʏɴ⋆⸜ Ozin⁰⁶ `✦","61563906764722":"Nika v1 | Còn 10 day ✅","61564314835915":"![BBoss]sʏɴ⋆⸜ soc iu `✦","61566765005474":"sʏɴ⋆⸜ hoàng09","61566892234506":"sʏɴ⋆⸜ Bucuanh 09 `✦","61571034749374":"Curumi >< | Còn 1 day ✅","61571152657603":"sʏɴ⋆⸜ ᴍᴜɴ ⁰¹² `✦","61571318653759":"sʏɴ⋆⸜ pinn 011 `✦","61571819521883":"ok !","61576606696030":"Nika v1 | Còn 10 day ✅","61576664972597":"sʏɴ⋆⸜ Bi 08 `✦","61577597250463":"Nika v1 | Còn 10 day ✅"},"adminIDs":[{"id":"61560299746623"},{"id":"61564314835915"},{"id":"61576606696030"},{"id":"100041077553973"},{"id":"100068654877002"},{"id":"100074631341763"},{"id":"100086033984335"}],"approvalMode":true,"approvalQueue":[],"reactionsMuteMode":"reactions_not_muted","mentionsMuteMode":"mentions_not_muted","isPinProtected":false,"relatedPageThread":null,"name":"⋆⸜ Syodn 🎧✮","snippet":"Huy","snippetSender":"100066249936519","snippetAttachments":[],"serverTimestamp":"1750673070795","imageSrc":"https://scontent-bom1-2.xx.fbcdn.net/v/t1.15752-9/494577864_1242908827238843_7802737715237255851_n.jpg?_nc_cat=100&ccb=1-7&_nc_sid=935a9d&_nc_ohc=NShtQA7GUZYQ7kNvwHdQFjK&_nc_oc=AdkjSZqPeDX1_5XiU0wfE0SAA4K15oD7QUJ0lpSVWF32O1HaqudA7h-Uq2A6hTm1cDA&_nc_zt=23&_nc_ht=scontent-bom1-2.xx&oh=03_Q7cD2gHzOQXL9l52V-lleSVdiBsjoPeJBEf_cTjB0wjI_Xr8Wg&oe=68809EA1","isCanonicalUser":false,"isCanonical":false,"recipientsLoadable":true,"hasEmailParticipant":false,"readOnly":false,"canReply":true,"lastMessageType":"message","lastReadTimestamp":"1750468978552","threadType":2,"TimeCreate":1750673072243,"TimeUpdate":1750673072243},"9525295557554159":{"threadID":"9525295557554159","threadName":"👉🏻Jesus•Jesu2 Family👈🏻","participantIDs":["61551395311782","61554345770813","61555530727758","61555988966127","61556086820914","61559257882090","61565762361665","61566708606587","61570425997673","61571034749374","61571464760814","61572461323371","61573904870734","61574856155512","61575006059218","61577580746163","100019206841439","100053330796943","100061737520306","100065890241325","100080401840755","100082241155630","100083517337899","100083765692538","100083962693897","100086033984335","100087055275210","100088476680390","100089599209719","100090148509629","100092011360807"],"userInfo":[{"id":"61551395311782","name":"Đức Vinh","firstName":"Vinh","vanity":"ucvinh.600784","thumbSrc":"https://scontent-bom1-1.xx.fbcdn.net/v/t1.30497-1/453178253_471506465671661_2781666950760530985_n.png?stp=dst-png_s200x200&_nc_cat=1&ccb=1-7&_nc_sid=136b72&_nc_ohc=cngcqYQ8dQ0Q7kNvwEXbnV3&_nc_oc=AdkY5Em5VX_bNFN10bYLcKv6B-yR_0YsTHRhFJ9dbTPwX9WvvYn6Wg0ufSk6JASosF8&_nc_zt=24&_nc_ht=scontent-bom1-1.xx&oh=00_AfPt-yTJBTpTjQOF9bz-2dhGFIwuhTAPXiwjwJCjySzLFQ&oe=6880A33A","profileUrl":"https://scontent-bom1-1.xx.fbcdn.net/v/t1.30497-1/453178253_471506465671661_2781666950760530985_n.png?stp=dst-png_s200x200&_nc_cat=1&ccb=1-7&_nc_sid=136b72&_nc_ohc=cngcqYQ8dQ0Q7kNvwEXbnV3&_nc_oc=AdkY5Em5VX_bNFN10bYLcKv6B-yR_0YsTHRhFJ9dbTPwX9WvvYn6Wg0ufSk6JASosF8&_nc_zt=24&_nc_ht=scontent-bom1-1.xx&oh=00_AfPt-yTJBTpTjQOF9bz-2dhGFIwuhTAPXiwjwJCjySzLFQ&oe=6880A33A","gender":"MALE","type":"User","isFriend":false,"isBirthday":false},{"id":"61554345770813","name":"Băng Băng","firstName":"Băng","vanity":"nlandepgais1","thumbSrc":"https://scontent-bom1-1.xx.fbcdn.net/v/t1.30497-1/453178253_471506465671661_2781666950760530985_n.png?stp=dst-png_s200x200&_nc_cat=1&ccb=1-7&_nc_sid=136b72&_nc_ohc=cngcqYQ8dQ0Q7kNvwEXbnV3&_nc_oc=AdkY5Em5VX_bNFN10bYLcKv6B-yR_0YsTHRhFJ9dbTPwX9WvvYn6Wg0ufSk6JASosF8&_nc_zt=24&_nc_ht=scontent-bom1-1.xx&oh=00_AfPt-yTJBTpTjQOF9bz-2dhGFIwuhTAPXiwjwJCjySzLFQ&oe=6880A33A","profileUrl":"https://scontent-bom1-1.xx.fbcdn.net/v/t1.30497-1/453178253_471506465671661_2781666950760530985_n.png?stp=dst-png_s200x200&_nc_cat=1&ccb=1-7&_nc_sid=136b72&_nc_ohc=cngcqYQ8dQ0Q7kNvwEXbnV3&_nc_oc=AdkY5Em5VX_bNFN10bYLcKv6B-yR_0YsTHRhFJ9dbTPwX9WvvYn6Wg0ufSk6JASosF8&_nc_zt=24&_nc_ht=scontent-bom1-1.xx&oh=00_AfPt-yTJBTpTjQOF9bz-2dhGFIwuhTAPXiwjwJCjySzLFQ&oe=6880A33A","gender":"FEMALE","type":"User","isFriend":false,"isBirthday":false},{"id":"61555530727758","name":"Đỗ An","firstName":"An","vanity":"oan.313669","thumbSrc":"https://scontent-bom1-1.xx.fbcdn.net/v/t1.30497-1/453178253_471506465671661_2781666950760530985_n.png?stp=dst-png_s200x200&_nc_cat=1&ccb=1-7&_nc_sid=136b72&_nc_ohc=cngcqYQ8dQ0Q7kNvwEXbnV3&_nc_oc=AdkY5Em5VX_bNFN10bYLcKv6B-yR_0YsTHRhFJ9dbTPwX9WvvYn6Wg0ufSk6JASosF8&_nc_zt=24&_nc_ht=scontent-bom1-1.xx&oh=00_AfPt-yTJBTpTjQOF9bz-2dhGFIwuhTAPXiwjwJCjySzLFQ&oe=6880A33A","profileUrl":"https://scontent-bom1-1.xx.fbcdn.net/v/t1.30497-1/453178253_471506465671661_2781666950760530985_n.png?stp=dst-png_s200x200&_nc_cat=1&ccb=1-7&_nc_sid=136b72&_nc_ohc=cngcqYQ8dQ0Q7kNvwEXbnV3&_nc_oc=AdkY5Em5VX_bNFN10bYLcKv6B-yR_0YsTHRhFJ9dbTPwX9WvvYn6Wg0ufSk6JASosF8&_nc_zt=24&_nc_ht=scontent-bom1-1.xx&oh=00_AfPt-yTJBTpTjQOF9bz-2dhGFIwuhTAPXiwjwJCjySzLFQ&oe=6880A33A","gender":"MALE","type":"User","isFriend":false,"isBirthday":false},{"id":"61555988966127","name":"Tung Ng Duy","firstName":"Duy","vanity":"nqduytunq09","thumbSrc":"https://scontent-bom1-1.xx.fbcdn.net/v/t1.30497-1/453178253_471506465671661_2781666950760530985_n.png?stp=dst-png_s200x200&_nc_cat=1&ccb=1-7&_nc_sid=136b72&_nc_ohc=cngcqYQ8dQ0Q7kNvwEXbnV3&_nc_oc=AdkY5Em5VX_bNFN10bYLcKv6B-yR_0YsTHRhFJ9dbTPwX9WvvYn6Wg0ufSk6JASosF8&_nc_zt=24&_nc_ht=scontent-bom1-1.xx&oh=00_AfPt-yTJBTpTjQOF9bz-2dhGFIwuhTAPXiwjwJCjySzLFQ&oe=6880A33A","profileUrl":"https://scontent-bom1-1.xx.fbcdn.net/v/t1.30497-1/453178253_471506465671661_2781666950760530985_n.png?stp=dst-png_s200x200&_nc_cat=1&ccb=1-7&_nc_sid=136b72&_nc_ohc=cngcqYQ8dQ0Q7kNvwEXbnV3&_nc_oc=AdkY5Em5VX_bNFN10bYLcKv6B-yR_0YsTHRhFJ9dbTPwX9WvvYn6Wg0ufSk6JASosF8&_nc_zt=24&_nc_ht=scontent-bom1-1.xx&oh=00_AfPt-yTJBTpTjQOF9bz-2dhGFIwuhTAPXiwjwJCjySzLFQ&oe=6880A33A","gender":"MALE","type":"User","isFriend":false,"isBirthday":false},{"id":"61556086820914","name":"Phạm Hoàng","firstName":"Hoàng","vanity":"pham.hoang.612921","thumbSrc":"https://scontent-bom2-1.xx.fbcdn.net/v/t39.30808-1/465787776_122189315264202894_4453059664456564791_n.jpg?stp=dst-jpg_s200x200_tt6&_nc_cat=108&ccb=1-7&_nc_sid=e99d92&_nc_ohc=OxE1eIjxWUcQ7kNvwHFjZbR&_nc_oc=AdmE1Dx5cM9JkZw7ghzSK55M8T-IQ_MycsSjhPfLp-xkymzjiWCSD_KEcs4bCFXqnmw&_nc_zt=24&_nc_ht=scontent-bom2-1.xx&_nc_gid=s0eggO0bAsJLvIKWQ8mZoA&oh=00_AfM_nlhGd9m_FhouLeyojN3udi78uckYitaUEc1o4i01-A&oe=685EE212","profileUrl":"https://scontent-bom2-1.xx.fbcdn.net/v/t39.30808-1/465787776_122189315264202894_4453059664456564791_n.jpg?stp=dst-jpg_s200x200_tt6&_nc_cat=108&ccb=1-7&_nc_sid=e99d92&_nc_ohc=OxE1eIjxWUcQ7kNvwHFjZbR&_nc_oc=AdmE1Dx5cM9JkZw7ghzSK55M8T-IQ_MycsSjhPfLp-xkymzjiWCSD_KEcs4bCFXqnmw&_nc_zt=24&_nc_ht=scontent-bom2-1.xx&_nc_gid=s0eggO0bAsJLvIKWQ8mZoA&oh=00_AfM_nlhGd9m_FhouLeyojN3udi78uckYitaUEc1o4i01-A&oe=685EE212","gender":"MALE","type":"User","isFriend":false,"isBirthday":false},{"id":"61559257882090","name":"Trungg Hiếuu","firstName":"Trungg Hiếuu","vanity":"nguyen.hieu.446578","thumbSrc":"https://scontent-bom2-1.xx.fbcdn.net/v/t39.30808-1/509427046_122177513162308596_6647698924306383977_n.jpg?stp=dst-jpg_s200x200_tt6&_nc_cat=108&ccb=1-7&_nc_sid=111fe6&_nc_ohc=_u8XBPaWkEcQ7kNvwF8S_MG&_nc_oc=AdnDtrqxIUbYs9xeaKHgx7BaIpkZm7TdBq8OBTuJX_tdmXFddUndVB8L7VS7lcNzaNs&_nc_zt=24&_nc_ht=scontent-bom2-1.xx&_nc_gid=s0eggO0bAsJLvIKWQ8mZoA&oh=00_AfO9Mqxg4-yn0DH0L9g1YpwmtffEh9N_35ZAK-YFSlD--g&oe=685F07C1","profileUrl":"https://scontent-bom2-1.xx.fbcdn.net/v/t39.30808-1/509427046_122177513162308596_6647698924306383977_n.jpg?stp=dst-jpg_s200x200_tt6&_nc_cat=108&ccb=1-7&_nc_sid=111fe6&_nc_ohc=_u8XBPaWkEcQ7kNvwF8S_MG&_nc_oc=AdnDtrqxIUbYs9xeaKHgx7BaIpkZm7TdBq8OBTuJX_tdmXFddUndVB8L7VS7lcNzaNs&_nc_zt=24&_nc_ht=scontent-bom2-1.xx&_nc_gid=s0eggO0bAsJLvIKWQ8mZoA&oh=00_AfO9Mqxg4-yn0DH0L9g1YpwmtffEh9N_35ZAK-YFSlD--g&oe=685F07C1","gender":"MALE","type":"User","isFriend":false,"isBirthday":false},{"id":"61565762361665","name":"Nguyễn Duy","firstName":"Duy","vanity":"nguyen.duy.439028","thumbSrc":"https://scontent-bom2-3.xx.fbcdn.net/v/t39.30808-1/495179148_122153966498525412_7987818938402078069_n.jpg?stp=dst-jpg_s200x200_tt6&_nc_cat=103&ccb=1-7&_nc_sid=e99d92&_nc_ohc=-vXiW3JAdnMQ7kNvwG58-gM&_nc_oc=Adm6iZhnpSOT_9vvk2Ac7wETEl2E_neHmo_udcf_oblc_dJZY4ThzuFhvRBMcpdAmKw&_nc_zt=24&_nc_ht=scontent-bom2-3.xx&_nc_gid=s0eggO0bAsJLvIKWQ8mZoA&oh=00_AfPxc-S3htw82Ix10h4ceE0LiGa8TiFdSDY3Pa9lQoINbQ&oe=685F0CCE","profileUrl":"https://scontent-bom2-3.xx.fbcdn.net/v/t39.30808-1/495179148_122153966498525412_7987818938402078069_n.jpg?stp=dst-jpg_s200x200_tt6&_nc_cat=103&ccb=1-7&_nc_sid=e99d92&_nc_ohc=-vXiW3JAdnMQ7kNvwG58-gM&_nc_oc=Adm6iZhnpSOT_9vvk2Ac7wETEl2E_neHmo_udcf_oblc_dJZY4ThzuFhvRBMcpdAmKw&_nc_zt=24&_nc_ht=scontent-bom2-3.xx&_nc_gid=s0eggO0bAsJLvIKWQ8mZoA&oh=00_AfPxc-S3htw82Ix10h4ceE0LiGa8TiFdSDY3Pa9lQoINbQ&oe=685F0CCE","gender":"MALE","type":"User","isFriend":false,"isBirthday":false},{"id":"61566708606587","name":"Minh Triết","firstName":"Triết","vanity":"minh.triet.437822","thumbSrc":"https://scontent-bom1-1.xx.fbcdn.net/v/t1.30497-1/453178253_471506465671661_2781666950760530985_n.png?stp=dst-png_s200x200&_nc_cat=1&ccb=1-7&_nc_sid=136b72&_nc_ohc=cngcqYQ8dQ0Q7kNvwEXbnV3&_nc_oc=AdkY5Em5VX_bNFN10bYLcKv6B-yR_0YsTHRhFJ9dbTPwX9WvvYn6Wg0ufSk6JASosF8&_nc_zt=24&_nc_ht=scontent-bom1-1.xx&oh=00_AfPt-yTJBTpTjQOF9bz-2dhGFIwuhTAPXiwjwJCjySzLFQ&oe=6880A33A","profileUrl":"https://scontent-bom1-1.xx.fbcdn.net/v/t1.30497-1/453178253_471506465671661_2781666950760530985_n.png?stp=dst-png_s200x200&_nc_cat=1&ccb=1-7&_nc_sid=136b72&_nc_ohc=cngcqYQ8dQ0Q7kNvwEXbnV3&_nc_oc=AdkY5Em5VX_bNFN10bYLcKv6B-yR_0YsTHRhFJ9dbTPwX9WvvYn6Wg0ufSk6JASosF8&_nc_zt=24&_nc_ht=scontent-bom1-1.xx&oh=00_AfPt-yTJBTpTjQOF9bz-2dhGFIwuhTAPXiwjwJCjySzLFQ&oe=6880A33A","gender":"MALE","type":"User","isFriend":false,"isBirthday":false},{"id":"61570425997673","name":"Khanh Michenco","firstName":"Michenco","vanity":"bui.uc.linh.khanh","thumbSrc":"https://scontent-bom2-3.xx.fbcdn.net/v/t39.30808-1/494481289_122132271164680866_1959772831178360748_n.jpg?stp=cp6_dst-jpg_s200x200_tt6&_nc_cat=101&ccb=1-7&_nc_sid=e99d92&_nc_ohc=1q3-IzbOf8sQ7kNvwEidyeb&_nc_oc=AdmOtbB4jXZfuBGQToOQz5vKpJoznGB8-cFVvxEgSad0NRS9O_I2C7bg18RJsj8Y2J8&_nc_zt=24&_nc_ht=scontent-bom2-3.xx&_nc_gid=s0eggO0bAsJLvIKWQ8mZoA&oh=00_AfOcfYZRQQm9yLCDtHm9ZcDpNafjOMcjycGqtiBg_ZnlHA&oe=685EE5A5","profileUrl":"https://scontent-bom2-3.xx.fbcdn.net/v/t39.30808-1/494481289_122132271164680866_1959772831178360748_n.jpg?stp=cp6_dst-jpg_s200x200_tt6&_nc_cat=101&ccb=1-7&_nc_sid=e99d92&_nc_ohc=1q3-IzbOf8sQ7kNvwEidyeb&_nc_oc=AdmOtbB4jXZfuBGQToOQz5vKpJoznGB8-cFVvxEgSad0NRS9O_I2C7bg18RJsj8Y2J8&_nc_zt=24&_nc_ht=scontent-bom2-3.xx&_nc_gid=s0eggO0bAsJLvIKWQ8mZoA&oh=00_AfOcfYZRQQm9yLCDtHm9ZcDpNafjOMcjycGqtiBg_ZnlHA&oe=685EE5A5","gender":"MALE","type":"User","isFriend":false,"isBirthday":false},{"id":"61571034749374","name":"anh tuan 🐾 🐸","firstName":"anh","vanity":"8jwxjcqwsb","thumbSrc":"https://scontent-bom1-1.xx.fbcdn.net/v/t1.30497-1/453178253_471506465671661_2781666950760530985_n.png?stp=dst-png_s200x200&_nc_cat=1&ccb=1-7&_nc_sid=b224c7&_nc_ohc=cngcqYQ8dQ0Q7kNvwEXbnV3&_nc_oc=AdkY5Em5VX_bNFN10bYLcKv6B-yR_0YsTHRhFJ9dbTPwX9WvvYn6Wg0ufSk6JASosF8&_nc_zt=24&_nc_ht=scontent-bom1-1.xx&oh=00_AfPt-yTJBTpTjQOF9bz-2dhGFIwuhTAPXiwjwJCjySzLFQ&oe=6880A33A","profileUrl":"https://scontent-bom1-1.xx.fbcdn.net/v/t1.30497-1/453178253_471506465671661_2781666950760530985_n.png?stp=dst-png_s200x200&_nc_cat=1&ccb=1-7&_nc_sid=b224c7&_nc_ohc=cngcqYQ8dQ0Q7kNvwEXbnV3&_nc_oc=AdkY5Em5VX_bNFN10bYLcKv6B-yR_0YsTHRhFJ9dbTPwX9WvvYn6Wg0ufSk6JASosF8&_nc_zt=24&_nc_ht=scontent-bom1-1.xx&oh=00_AfPt-yTJBTpTjQOF9bz-2dhGFIwuhTAPXiwjwJCjySzLFQ&oe=6880A33A","gender":"MALE","type":"User","isFriend":false,"isBirthday":false},{"id":"61571464760814","name":"Nhat Pham","firstName":"Nhat","vanity":"nhat.pham.902680","thumbSrc":"https://scontent-bom1-1.xx.fbcdn.net/v/t1.30497-1/453178253_471506465671661_2781666950760530985_n.png?stp=dst-png_s200x200&_nc_cat=1&ccb=1-7&_nc_sid=136b72&_nc_ohc=cngcqYQ8dQ0Q7kNvwEXbnV3&_nc_oc=AdkY5Em5VX_bNFN10bYLcKv6B-yR_0YsTHRhFJ9dbTPwX9WvvYn6Wg0ufSk6JASosF8&_nc_zt=24&_nc_ht=scontent-bom1-1.xx&oh=00_AfPt-yTJBTpTjQOF9bz-2dhGFIwuhTAPXiwjwJCjySzLFQ&oe=6880A33A","profileUrl":"https://scontent-bom1-1.xx.fbcdn.net/v/t1.30497-1/453178253_471506465671661_2781666950760530985_n.png?stp=dst-png_s200x200&_nc_cat=1&ccb=1-7&_nc_sid=136b72&_nc_ohc=cngcqYQ8dQ0Q7kNvwEXbnV3&_nc_oc=AdkY5Em5VX_bNFN10bYLcKv6B-yR_0YsTHRhFJ9dbTPwX9WvvYn6Wg0ufSk6JASosF8&_nc_zt=24&_nc_ht=scontent-bom1-1.xx&oh=00_AfPt-yTJBTpTjQOF9bz-2dhGFIwuhTAPXiwjwJCjySzLFQ&oe=6880A33A","gender":"MALE","type":"User","isFriend":false,"isBirthday":false},{"id":"61572461323371","name":"Tuấn Khải","firstName":"Khải","vanity":"tuan.khai.908563","thumbSrc":"https://scontent-bom1-2.xx.fbcdn.net/v/t39.30808-1/476484359_122106388874748710_297910351511493350_n.jpg?stp=dst-jpg_s200x200_tt6&_nc_cat=100&ccb=1-7&_nc_sid=e99d92&_nc_ohc=2oRHL2JOp7oQ7kNvwH_x7Du&_nc_oc=AdkHZR1B-FdZbB7ArWrA0tKG7NnyG_vEYhvqlJOtmJZoTHanMCg4cpt3oJFNTWK9aY8&_nc_zt=24&_nc_ht=scontent-bom1-2.xx&_nc_gid=s0eggO0bAsJLvIKWQ8mZoA&oh=00_AfNgAMKV_oL-EfBCrkmCPm_-BLuXh9FKAEo7uryUSuOF9g&oe=685F0EF8","profileUrl":"https://scontent-bom1-2.xx.fbcdn.net/v/t39.30808-1/476484359_122106388874748710_297910351511493350_n.jpg?stp=dst-jpg_s200x200_tt6&_nc_cat=100&ccb=1-7&_nc_sid=e99d92&_nc_ohc=2oRHL2JOp7oQ7kNvwH_x7Du&_nc_oc=AdkHZR1B-FdZbB7ArWrA0tKG7NnyG_vEYhvqlJOtmJZoTHanMCg4cpt3oJFNTWK9aY8&_nc_zt=24&_nc_ht=scontent-bom1-2.xx&_nc_gid=s0eggO0bAsJLvIKWQ8mZoA&oh=00_AfNgAMKV_oL-EfBCrkmCPm_-BLuXh9FKAEo7uryUSuOF9g&oe=685F0EF8","gender":"MALE","type":"User","isFriend":false,"isBirthday":false},{"id":"61573904870734","name":"Viet Anh","firstName":"Viet","vanity":"viet.anh.26380","thumbSrc":"https://scontent-bom1-1.xx.fbcdn.net/v/t1.30497-1/453178253_471506465671661_2781666950760530985_n.png?stp=dst-png_s200x200&_nc_cat=1&ccb=1-7&_nc_sid=136b72&_nc_ohc=cngcqYQ8dQ0Q7kNvwEXbnV3&_nc_oc=AdkY5Em5VX_bNFN10bYLcKv6B-yR_0YsTHRhFJ9dbTPwX9WvvYn6Wg0ufSk6JASosF8&_nc_zt=24&_nc_ht=scontent-bom1-1.xx&oh=00_AfPt-yTJBTpTjQOF9bz-2dhGFIwuhTAPXiwjwJCjySzLFQ&oe=6880A33A","profileUrl":"https://scontent-bom1-1.xx.fbcdn.net/v/t1.30497-1/453178253_471506465671661_2781666950760530985_n.png?stp=dst-png_s200x200&_nc_cat=1&ccb=1-7&_nc_sid=136b72&_nc_ohc=cngcqYQ8dQ0Q7kNvwEXbnV3&_nc_oc=AdkY5Em5VX_bNFN10bYLcKv6B-yR_0YsTHRhFJ9dbTPwX9WvvYn6Wg0ufSk6JASosF8&_nc_zt=24&_nc_ht=scontent-bom1-1.xx&oh=00_AfPt-yTJBTpTjQOF9bz-2dhGFIwuhTAPXiwjwJCjySzLFQ&oe=6880A33A","gender":"MALE","type":"User","isFriend":false,"isBirthday":false},{"id":"61574856155512","name":"Phong Nguyen","firstName":"Phong","vanity":"","thumbSrc":"https://scontent-bom1-1.xx.fbcdn.net/v/t1.30497-1/453178253_471506465671661_2781666950760530985_n.png?stp=dst-png_s200x200&_nc_cat=1&ccb=1-7&_nc_sid=136b72&_nc_ohc=cngcqYQ8dQ0Q7kNvwEXbnV3&_nc_oc=AdkY5Em5VX_bNFN10bYLcKv6B-yR_0YsTHRhFJ9dbTPwX9WvvYn6Wg0ufSk6JASosF8&_nc_zt=24&_nc_ht=scontent-bom1-1.xx&oh=00_AfPt-yTJBTpTjQOF9bz-2dhGFIwuhTAPXiwjwJCjySzLFQ&oe=6880A33A","profileUrl":"https://scontent-bom1-1.xx.fbcdn.net/v/t1.30497-1/453178253_471506465671661_2781666950760530985_n.png?stp=dst-png_s200x200&_nc_cat=1&ccb=1-7&_nc_sid=136b72&_nc_ohc=cngcqYQ8dQ0Q7kNvwEXbnV3&_nc_oc=AdkY5Em5VX_bNFN10bYLcKv6B-yR_0YsTHRhFJ9dbTPwX9WvvYn6Wg0ufSk6JASosF8&_nc_zt=24&_nc_ht=scontent-bom1-1.xx&oh=00_AfPt-yTJBTpTjQOF9bz-2dhGFIwuhTAPXiwjwJCjySzLFQ&oe=6880A33A","gender":"MALE","type":"User","isFriend":false,"isBirthday":false},{"id":"61575006059218","name":"Đặng Gia Huy","firstName":"Gia Huy","vanity":"anggiahuy.363290","thumbSrc":"https://scontent-bom2-4.xx.fbcdn.net/v/t39.30808-1/500226122_122120484848833535_4862054327077699014_n.jpg?stp=c0.0.872.872a_dst-jpg_s200x200_tt6&_nc_cat=106&ccb=1-7&_nc_sid=e99d92&_nc_ohc=DcSbhmxu-hEQ7kNvwHSExfp&_nc_oc=AdlvTzaxpZ7Ca0F4e-fGJZp3zIBD8gpbKe09wWOOmxbqJqolnHtn3mB_gfdcR0GvwK8&_nc_zt=24&_nc_ht=scontent-bom2-4.xx&_nc_gid=s0eggO0bAsJLvIKWQ8mZoA&oh=00_AfPo_tXVNSZODOwkKRrygauPtLBSiHtlFLmMWEmqZ32CzQ&oe=685EDF79","profileUrl":"https://scontent-bom2-4.xx.fbcdn.net/v/t39.30808-1/500226122_122120484848833535_4862054327077699014_n.jpg?stp=c0.0.872.872a_dst-jpg_s200x200_tt6&_nc_cat=106&ccb=1-7&_nc_sid=e99d92&_nc_ohc=DcSbhmxu-hEQ7kNvwHSExfp&_nc_oc=AdlvTzaxpZ7Ca0F4e-fGJZp3zIBD8gpbKe09wWOOmxbqJqolnHtn3mB_gfdcR0GvwK8&_nc_zt=24&_nc_ht=scontent-bom2-4.xx&_nc_gid=s0eggO0bAsJLvIKWQ8mZoA&oh=00_AfPo_tXVNSZODOwkKRrygauPtLBSiHtlFLmMWEmqZ32CzQ&oe=685EDF79","gender":"MALE","type":"User","isFriend":false,"isBirthday":false},{"id":"61577580746163","name":"Phu Ngoc","firstName":"Phu","vanity":"phuthemdjt2k11Z","thumbSrc":"https://scontent-bom2-1.xx.fbcdn.net/v/t39.30808-1/507654913_122095581020919358_2303910298324498393_n.jpg?stp=dst-jpg_s200x200_tt6&_nc_cat=105&ccb=1-7&_nc_sid=e99d92&_nc_ohc=jCHXna-NyXkQ7kNvwFBrpNw&_nc_oc=Admw4Mb21gxl_jBLD4uF_uWkLYqnF3BD61j00E8x5_vDN5ose72jfq02gAiRTgGZ2ZE&_nc_zt=24&_nc_ht=scontent-bom2-1.xx&_nc_gid=s0eggO0bAsJLvIKWQ8mZoA&oh=00_AfMPQo0ii_mjdMbyLHPsCZlJX0miAchY3Ip3JY7mgxDmbQ&oe=685EE375","profileUrl":"https://scontent-bom2-1.xx.fbcdn.net/v/t39.30808-1/507654913_122095581020919358_2303910298324498393_n.jpg?stp=dst-jpg_s200x200_tt6&_nc_cat=105&ccb=1-7&_nc_sid=e99d92&_nc_ohc=jCHXna-NyXkQ7kNvwFBrpNw&_nc_oc=Admw4Mb21gxl_jBLD4uF_uWkLYqnF3BD61j00E8x5_vDN5ose72jfq02gAiRTgGZ2ZE&_nc_zt=24&_nc_ht=scontent-bom2-1.xx&_nc_gid=s0eggO0bAsJLvIKWQ8mZoA&oh=00_AfMPQo0ii_mjdMbyLHPsCZlJX0miAchY3Ip3JY7mgxDmbQ&oe=685EE375","gender":"FEMALE","type":"User","isFriend":false,"isBirthday":false},{"id":"100019206841439","name":"Pé Nhók","firstName":"Nhók","vanity":"nhok.pe.3766","thumbSrc":"https://scontent-bom1-2.xx.fbcdn.net/v/t39.30808-1/356635882_1245404796109737_7216069925727159794_n.jpg?stp=dst-jpg_s200x200_tt6&_nc_cat=100&ccb=1-7&_nc_sid=e99d92&_nc_ohc=LHl05nKGAKwQ7kNvwEXSle3&_nc_oc=Adkd9s62EQsZ2edS_EVlWdrPp2KXj5ET7gHJTLJHH55WVFo2CiwjLQOJS_2SrvH55as&_nc_zt=24&_nc_ht=scontent-bom1-2.xx&_nc_gid=s0eggO0bAsJLvIKWQ8mZoA&oh=00_AfOsXAAOg2RL0oqD5xGe20jcCB47aVSFBDnJK-ZmUVop-w&oe=685F14FF","profileUrl":"https://scontent-bom1-2.xx.fbcdn.net/v/t39.30808-1/356635882_1245404796109737_7216069925727159794_n.jpg?stp=dst-jpg_s200x200_tt6&_nc_cat=100&ccb=1-7&_nc_sid=e99d92&_nc_ohc=LHl05nKGAKwQ7kNvwEXSle3&_nc_oc=Adkd9s62EQsZ2edS_EVlWdrPp2KXj5ET7gHJTLJHH55WVFo2CiwjLQOJS_2SrvH55as&_nc_zt=24&_nc_ht=scontent-bom1-2.xx&_nc_gid=s0eggO0bAsJLvIKWQ8mZoA&oh=00_AfOsXAAOg2RL0oqD5xGe20jcCB47aVSFBDnJK-ZmUVop-w&oe=685F14FF","gender":"MALE","type":"User","isFriend":false,"isBirthday":false},{"id":"100053330796943","name":"Tran Anh Dung","firstName":"Tran","vanity":"tran.anh.dung.947051","thumbSrc":"https://scontent-bom1-1.xx.fbcdn.net/v/t1.30497-1/453178253_471506465671661_2781666950760530985_n.png?stp=dst-png_s200x200&_nc_cat=1&ccb=1-7&_nc_sid=136b72&_nc_ohc=cngcqYQ8dQ0Q7kNvwEXbnV3&_nc_oc=AdkY5Em5VX_bNFN10bYLcKv6B-yR_0YsTHRhFJ9dbTPwX9WvvYn6Wg0ufSk6JASosF8&_nc_zt=24&_nc_ht=scontent-bom1-1.xx&oh=00_AfPt-yTJBTpTjQOF9bz-2dhGFIwuhTAPXiwjwJCjySzLFQ&oe=6880A33A","profileUrl":"https://scontent-bom1-1.xx.fbcdn.net/v/t1.30497-1/453178253_471506465671661_2781666950760530985_n.png?stp=dst-png_s200x200&_nc_cat=1&ccb=1-7&_nc_sid=136b72&_nc_ohc=cngcqYQ8dQ0Q7kNvwEXbnV3&_nc_oc=AdkY5Em5VX_bNFN10bYLcKv6B-yR_0YsTHRhFJ9dbTPwX9WvvYn6Wg0ufSk6JASosF8&_nc_zt=24&_nc_ht=scontent-bom1-1.xx&oh=00_AfPt-yTJBTpTjQOF9bz-2dhGFIwuhTAPXiwjwJCjySzLFQ&oe=6880A33A","gender":"MALE","type":"User","isFriend":false,"isBirthday":false},{"id":"100061737520306","name":"Ng Minh Nam","firstName":"Nam","vanity":"minhnamnggg","thumbSrc":"https://scontent-bom1-2.xx.fbcdn.net/v/t39.30808-1/510006998_1076314151103159_8314945900023744121_n.jpg?stp=dst-jpg_s200x200_tt6&_nc_cat=100&ccb=1-7&_nc_sid=e99d92&_nc_ohc=hzoINm0XYGoQ7kNvwGNqomL&_nc_oc=AdmUjw1pRH2qpPo_a6YQwT4lKT0rk1P3ie4q6OwQropH89rSC5ZR8k25fvsXt6DmcSU&_nc_zt=24&_nc_ht=scontent-bom1-2.xx&_nc_gid=s0eggO0bAsJLvIKWQ8mZoA&oh=00_AfPGyWNHJFg7bo3aqIcPP_emSqV4eAWjPUwCMlN634q6jQ&oe=685EDF15","profileUrl":"https://scontent-bom1-2.xx.fbcdn.net/v/t39.30808-1/510006998_1076314151103159_8314945900023744121_n.jpg?stp=dst-jpg_s200x200_tt6&_nc_cat=100&ccb=1-7&_nc_sid=e99d92&_nc_ohc=hzoINm0XYGoQ7kNvwGNqomL&_nc_oc=AdmUjw1pRH2qpPo_a6YQwT4lKT0rk1P3ie4q6OwQropH89rSC5ZR8k25fvsXt6DmcSU&_nc_zt=24&_nc_ht=scontent-bom1-2.xx&_nc_gid=s0eggO0bAsJLvIKWQ8mZoA&oh=00_AfPGyWNHJFg7bo3aqIcPP_emSqV4eAWjPUwCMlN634q6jQ&oe=685EDF15","gender":"NEUTER","type":"User","isFriend":false,"isBirthday":false},{"id":"100065890241325","name":"Duy Anh","firstName":"Anh","vanity":"duy.anh.523574","thumbSrc":"https://scontent-bom1-1.xx.fbcdn.net/v/t1.30497-1/453178253_471506465671661_2781666950760530985_n.png?stp=dst-png_s200x200&_nc_cat=1&ccb=1-7&_nc_sid=136b72&_nc_ohc=cngcqYQ8dQ0Q7kNvwEXbnV3&_nc_oc=AdkY5Em5VX_bNFN10bYLcKv6B-yR_0YsTHRhFJ9dbTPwX9WvvYn6Wg0ufSk6JASosF8&_nc_zt=24&_nc_ht=scontent-bom1-1.xx&oh=00_AfPt-yTJBTpTjQOF9bz-2dhGFIwuhTAPXiwjwJCjySzLFQ&oe=6880A33A","profileUrl":"https://scontent-bom1-1.xx.fbcdn.net/v/t1.30497-1/453178253_471506465671661_2781666950760530985_n.png?stp=dst-png_s200x200&_nc_cat=1&ccb=1-7&_nc_sid=136b72&_nc_ohc=cngcqYQ8dQ0Q7kNvwEXbnV3&_nc_oc=AdkY5Em5VX_bNFN10bYLcKv6B-yR_0YsTHRhFJ9dbTPwX9WvvYn6Wg0ufSk6JASosF8&_nc_zt=24&_nc_ht=scontent-bom1-1.xx&oh=00_AfPt-yTJBTpTjQOF9bz-2dhGFIwuhTAPXiwjwJCjySzLFQ&oe=6880A33A","gender":"MALE","type":"User","isFriend":false,"isBirthday":false},{"id":"100080401840755","name":"Phạm Tuấn Vũ","firstName":"Vũ","vanity":"pham.tuan.vu.623004","thumbSrc":"https://scontent-bom1-1.xx.fbcdn.net/v/t1.30497-1/453178253_471506465671661_2781666950760530985_n.png?stp=dst-png_s200x200&_nc_cat=1&ccb=1-7&_nc_sid=136b72&_nc_ohc=cngcqYQ8dQ0Q7kNvwEXbnV3&_nc_oc=AdkY5Em5VX_bNFN10bYLcKv6B-yR_0YsTHRhFJ9dbTPwX9WvvYn6Wg0ufSk6JASosF8&_nc_zt=24&_nc_ht=scontent-bom1-1.xx&oh=00_AfPt-yTJBTpTjQOF9bz-2dhGFIwuhTAPXiwjwJCjySzLFQ&oe=6880A33A","profileUrl":"https://scontent-bom1-1.xx.fbcdn.net/v/t1.30497-1/453178253_471506465671661_2781666950760530985_n.png?stp=dst-png_s200x200&_nc_cat=1&ccb=1-7&_nc_sid=136b72&_nc_ohc=cngcqYQ8dQ0Q7kNvwEXbnV3&_nc_oc=AdkY5Em5VX_bNFN10bYLcKv6B-yR_0YsTHRhFJ9dbTPwX9WvvYn6Wg0ufSk6JASosF8&_nc_zt=24&_nc_ht=scontent-bom1-1.xx&oh=00_AfPt-yTJBTpTjQOF9bz-2dhGFIwuhTAPXiwjwJCjySzLFQ&oe=6880A33A","gender":"MALE","type":"User","isFriend":false,"isBirthday":false},{"id":"100082241155630","name":"Nguyen Phuc","firstName":"Phuc","vanity":"nguyen.phuc.729581","thumbSrc":"https://scontent-bom2-3.xx.fbcdn.net/v/t39.30808-1/480719210_619459190805447_353030283952235728_n.jpg?stp=c12.0.936.937a_dst-jpg_s200x200_tt6&_nc_cat=110&ccb=1-7&_nc_sid=e99d92&_nc_ohc=FDPut9Lr1XoQ7kNvwG-02Hk&_nc_oc=AdlnfGpc2ZsPmNq7Z2CozpUVg-l-TrnfMBVgI16YC_YUs7CmHmQrXvt2YvA6mdKMdLs&_nc_zt=24&_nc_ht=scontent-bom2-3.xx&_nc_gid=s0eggO0bAsJLvIKWQ8mZoA&oh=00_AfN79CCK_wlunh5HW3bF9Xm6cvpxzjVGmOa24Tw9cbBzRQ&oe=685F12AC","profileUrl":"https://scontent-bom2-3.xx.fbcdn.net/v/t39.30808-1/480719210_619459190805447_353030283952235728_n.jpg?stp=c12.0.936.937a_dst-jpg_s200x200_tt6&_nc_cat=110&ccb=1-7&_nc_sid=e99d92&_nc_ohc=FDPut9Lr1XoQ7kNvwG-02Hk&_nc_oc=AdlnfGpc2ZsPmNq7Z2CozpUVg-l-TrnfMBVgI16YC_YUs7CmHmQrXvt2YvA6mdKMdLs&_nc_zt=24&_nc_ht=scontent-bom2-3.xx&_nc_gid=s0eggO0bAsJLvIKWQ8mZoA&oh=00_AfN79CCK_wlunh5HW3bF9Xm6cvpxzjVGmOa24Tw9cbBzRQ&oe=685F12AC","gender":"MALE","type":"User","isFriend":true,"isBirthday":false},{"id":"100083517337899","name":"Tuan Anh","firstName":"Tuan","vanity":"tuan.anh.490284","thumbSrc":"https://scontent-bom1-1.xx.fbcdn.net/v/t1.30497-1/453178253_471506465671661_2781666950760530985_n.png?stp=dst-png_s200x200&_nc_cat=1&ccb=1-7&_nc_sid=136b72&_nc_ohc=cngcqYQ8dQ0Q7kNvwEXbnV3&_nc_oc=AdkY5Em5VX_bNFN10bYLcKv6B-yR_0YsTHRhFJ9dbTPwX9WvvYn6Wg0ufSk6JASosF8&_nc_zt=24&_nc_ht=scontent-bom1-1.xx&oh=00_AfPt-yTJBTpTjQOF9bz-2dhGFIwuhTAPXiwjwJCjySzLFQ&oe=6880A33A","profileUrl":"https://scontent-bom1-1.xx.fbcdn.net/v/t1.30497-1/453178253_471506465671661_2781666950760530985_n.png?stp=dst-png_s200x200&_nc_cat=1&ccb=1-7&_nc_sid=136b72&_nc_ohc=cngcqYQ8dQ0Q7kNvwEXbnV3&_nc_oc=AdkY5Em5VX_bNFN10bYLcKv6B-yR_0YsTHRhFJ9dbTPwX9WvvYn6Wg0ufSk6JASosF8&_nc_zt=24&_nc_ht=scontent-bom1-1.xx&oh=00_AfPt-yTJBTpTjQOF9bz-2dhGFIwuhTAPXiwjwJCjySzLFQ&oe=6880A33A","gender":"MALE","type":"User","isFriend":false,"isBirthday":false},{"id":"100083765692538","name":"Pham Duy Hung","firstName":"Pham","vanity":"dhungdangiu208","thumbSrc":"https://scontent-bom1-1.xx.fbcdn.net/v/t1.30497-1/453178253_471506465671661_2781666950760530985_n.png?stp=dst-png_s200x200&_nc_cat=1&ccb=1-7&_nc_sid=136b72&_nc_ohc=cngcqYQ8dQ0Q7kNvwEXbnV3&_nc_oc=AdkY5Em5VX_bNFN10bYLcKv6B-yR_0YsTHRhFJ9dbTPwX9WvvYn6Wg0ufSk6JASosF8&_nc_zt=24&_nc_ht=scontent-bom1-1.xx&oh=00_AfPt-yTJBTpTjQOF9bz-2dhGFIwuhTAPXiwjwJCjySzLFQ&oe=6880A33A","profileUrl":"https://scontent-bom1-1.xx.fbcdn.net/v/t1.30497-1/453178253_471506465671661_2781666950760530985_n.png?stp=dst-png_s200x200&_nc_cat=1&ccb=1-7&_nc_sid=136b72&_nc_ohc=cngcqYQ8dQ0Q7kNvwEXbnV3&_nc_oc=AdkY5Em5VX_bNFN10bYLcKv6B-yR_0YsTHRhFJ9dbTPwX9WvvYn6Wg0ufSk6JASosF8&_nc_zt=24&_nc_ht=scontent-bom1-1.xx&oh=00_AfPt-yTJBTpTjQOF9bz-2dhGFIwuhTAPXiwjwJCjySzLFQ&oe=6880A33A","gender":"MALE","type":"User","isFriend":false,"isBirthday":false},{"id":"100083962693897","name":"Phạm Hoàng","firstName":"Hoàng","vanity":"pham.hoang.659204","thumbSrc":"https://scontent-bom1-2.xx.fbcdn.net/v/t39.30808-1/489918344_639315002210584_286505413197431173_n.jpg?stp=dst-jpg_s200x200_tt6&_nc_cat=100&ccb=1-7&_nc_sid=e99d92&_nc_ohc=sXEsSawJ2jsQ7kNvwE07a6v&_nc_oc=AdnjFEWYc1YQRpDYyFJ5f-j3RKAI0lyVWb3yjYWFIotVznSJemZE5LdONt11AFGHabY&_nc_zt=24&_nc_ht=scontent-bom1-2.xx&_nc_gid=s0eggO0bAsJLvIKWQ8mZoA&oh=00_AfNWppmLvSY9ntOp0pdtTH5C9EmdNFUJwdsywYx-kUFJSw&oe=685EE656","profileUrl":"https://scontent-bom1-2.xx.fbcdn.net/v/t39.30808-1/489918344_639315002210584_286505413197431173_n.jpg?stp=dst-jpg_s200x200_tt6&_nc_cat=100&ccb=1-7&_nc_sid=e99d92&_nc_ohc=sXEsSawJ2jsQ7kNvwE07a6v&_nc_oc=AdnjFEWYc1YQRpDYyFJ5f-j3RKAI0lyVWb3yjYWFIotVznSJemZE5LdONt11AFGHabY&_nc_zt=24&_nc_ht=scontent-bom1-2.xx&_nc_gid=s0eggO0bAsJLvIKWQ8mZoA&oh=00_AfNWppmLvSY9ntOp0pdtTH5C9EmdNFUJwdsywYx-kUFJSw&oe=685EE656","gender":"MALE","type":"User","isFriend":false,"isBirthday":false},{"id":"100086033984335","name":"Bat Cu Ti 🐾 🐙","firstName":"Bat","vanity":"batvshdt","thumbSrc":"https://scontent-bom2-1.xx.fbcdn.net/v/t39.30808-1/502377303_693465826864544_785738816815420449_n.jpg?stp=dst-jpg_s200x200_tt6&_nc_cat=105&ccb=1-7&_nc_sid=e99d92&_nc_ohc=_aiak41_n7AQ7kNvwGy_aqj&_nc_oc=AdkfNUmZv1O-SXJ5k8-sJg-aNCE_Ub1ymEobiiw-Qvoc6NxPBH-2GUMbtYGmadILcXQ&_nc_zt=24&_nc_ht=scontent-bom2-1.xx&_nc_gid=s0eggO0bAsJLvIKWQ8mZoA&oh=00_AfMhJFXJPjM-g5nh3guXe72ylbsWv-nux5arw44VWAMd7g&oe=685EFEC0","profileUrl":"https://scontent-bom2-1.xx.fbcdn.net/v/t39.30808-1/502377303_693465826864544_785738816815420449_n.jpg?stp=dst-jpg_s200x200_tt6&_nc_cat=105&ccb=1-7&_nc_sid=e99d92&_nc_ohc=_aiak41_n7AQ7kNvwGy_aqj&_nc_oc=AdkfNUmZv1O-SXJ5k8-sJg-aNCE_Ub1ymEobiiw-Qvoc6NxPBH-2GUMbtYGmadILcXQ&_nc_zt=24&_nc_ht=scontent-bom2-1.xx&_nc_gid=s0eggO0bAsJLvIKWQ8mZoA&oh=00_AfMhJFXJPjM-g5nh3guXe72ylbsWv-nux5arw44VWAMd7g&oe=685EFEC0","gender":"MALE","type":"User","isFriend":true,"isBirthday":false},{"id":"100087055275210","name":"Mat Nhan Thuc 🐦‍🔥","firstName":"Mat","vanity":"khnguyen621diz","thumbSrc":"https://scontent-bom1-1.xx.fbcdn.net/v/t1.30497-1/453178253_471506465671661_2781666950760530985_n.png?stp=dst-png_s200x200&_nc_cat=1&ccb=1-7&_nc_sid=b224c7&_nc_ohc=cngcqYQ8dQ0Q7kNvwEXbnV3&_nc_oc=AdkY5Em5VX_bNFN10bYLcKv6B-yR_0YsTHRhFJ9dbTPwX9WvvYn6Wg0ufSk6JASosF8&_nc_zt=24&_nc_ht=scontent-bom1-1.xx&oh=00_AfPt-yTJBTpTjQOF9bz-2dhGFIwuhTAPXiwjwJCjySzLFQ&oe=6880A33A","profileUrl":"https://scontent-bom1-1.xx.fbcdn.net/v/t1.30497-1/453178253_471506465671661_2781666950760530985_n.png?stp=dst-png_s200x200&_nc_cat=1&ccb=1-7&_nc_sid=b224c7&_nc_ohc=cngcqYQ8dQ0Q7kNvwEXbnV3&_nc_oc=AdkY5Em5VX_bNFN10bYLcKv6B-yR_0YsTHRhFJ9dbTPwX9WvvYn6Wg0ufSk6JASosF8&_nc_zt=24&_nc_ht=scontent-bom1-1.xx&oh=00_AfPt-yTJBTpTjQOF9bz-2dhGFIwuhTAPXiwjwJCjySzLFQ&oe=6880A33A","gender":"MALE","type":"User","isFriend":false,"isBirthday":false},{"id":"100088476680390","name":"Nguyen Quang Vinh","firstName":"Nguyen","vanity":"nguyen.quang.vinh.19001","thumbSrc":"https://scontent-bom1-1.xx.fbcdn.net/v/t1.30497-1/453178253_471506465671661_2781666950760530985_n.png?stp=dst-png_s200x200&_nc_cat=1&ccb=1-7&_nc_sid=136b72&_nc_ohc=cngcqYQ8dQ0Q7kNvwEXbnV3&_nc_oc=AdkY5Em5VX_bNFN10bYLcKv6B-yR_0YsTHRhFJ9dbTPwX9WvvYn6Wg0ufSk6JASosF8&_nc_zt=24&_nc_ht=scontent-bom1-1.xx&oh=00_AfPt-yTJBTpTjQOF9bz-2dhGFIwuhTAPXiwjwJCjySzLFQ&oe=6880A33A","profileUrl":"https://scontent-bom1-1.xx.fbcdn.net/v/t1.30497-1/453178253_471506465671661_2781666950760530985_n.png?stp=dst-png_s200x200&_nc_cat=1&ccb=1-7&_nc_sid=136b72&_nc_ohc=cngcqYQ8dQ0Q7kNvwEXbnV3&_nc_oc=AdkY5Em5VX_bNFN10bYLcKv6B-yR_0YsTHRhFJ9dbTPwX9WvvYn6Wg0ufSk6JASosF8&_nc_zt=24&_nc_ht=scontent-bom1-1.xx&oh=00_AfPt-yTJBTpTjQOF9bz-2dhGFIwuhTAPXiwjwJCjySzLFQ&oe=6880A33A","gender":"MALE","type":"User","isFriend":false,"isBirthday":false},{"id":"100089599209719","name":"Nguyễn Đại Việt","firstName":"Đại Việt","vanity":"nguyen.dai.viet.2012","thumbSrc":"https://scontent-bom1-1.xx.fbcdn.net/v/t1.30497-1/453178253_471506465671661_2781666950760530985_n.png?stp=dst-png_s200x200&_nc_cat=1&ccb=1-7&_nc_sid=b224c7&_nc_ohc=cngcqYQ8dQ0Q7kNvwEXbnV3&_nc_oc=AdkY5Em5VX_bNFN10bYLcKv6B-yR_0YsTHRhFJ9dbTPwX9WvvYn6Wg0ufSk6JASosF8&_nc_zt=24&_nc_ht=scontent-bom1-1.xx&oh=00_AfPt-yTJBTpTjQOF9bz-2dhGFIwuhTAPXiwjwJCjySzLFQ&oe=6880A33A","profileUrl":"https://scontent-bom1-1.xx.fbcdn.net/v/t1.30497-1/453178253_471506465671661_2781666950760530985_n.png?stp=dst-png_s200x200&_nc_cat=1&ccb=1-7&_nc_sid=b224c7&_nc_ohc=cngcqYQ8dQ0Q7kNvwEXbnV3&_nc_oc=AdkY5Em5VX_bNFN10bYLcKv6B-yR_0YsTHRhFJ9dbTPwX9WvvYn6Wg0ufSk6JASosF8&_nc_zt=24&_nc_ht=scontent-bom1-1.xx&oh=00_AfPt-yTJBTpTjQOF9bz-2dhGFIwuhTAPXiwjwJCjySzLFQ&oe=6880A33A","gender":"MALE","type":"User","isFriend":false,"isBirthday":false},{"id":"100090148509629","name":"Phạm Trung Hiếu","firstName":"Trung Hiếu","vanity":"thieu.1009","thumbSrc":"https://scontent-bom1-1.xx.fbcdn.net/v/t1.30497-1/453178253_471506465671661_2781666950760530985_n.png?stp=dst-png_s200x200&_nc_cat=1&ccb=1-7&_nc_sid=136b72&_nc_ohc=cngcqYQ8dQ0Q7kNvwEXbnV3&_nc_oc=AdkY5Em5VX_bNFN10bYLcKv6B-yR_0YsTHRhFJ9dbTPwX9WvvYn6Wg0ufSk6JASosF8&_nc_zt=24&_nc_ht=scontent-bom1-1.xx&oh=00_AfPt-yTJBTpTjQOF9bz-2dhGFIwuhTAPXiwjwJCjySzLFQ&oe=6880A33A","profileUrl":"https://scontent-bom1-1.xx.fbcdn.net/v/t1.30497-1/453178253_471506465671661_2781666950760530985_n.png?stp=dst-png_s200x200&_nc_cat=1&ccb=1-7&_nc_sid=136b72&_nc_ohc=cngcqYQ8dQ0Q7kNvwEXbnV3&_nc_oc=AdkY5Em5VX_bNFN10bYLcKv6B-yR_0YsTHRhFJ9dbTPwX9WvvYn6Wg0ufSk6JASosF8&_nc_zt=24&_nc_ht=scontent-bom1-1.xx&oh=00_AfPt-yTJBTpTjQOF9bz-2dhGFIwuhTAPXiwjwJCjySzLFQ&oe=6880A33A","gender":"MALE","type":"User","isFriend":false,"isBirthday":false},{"id":"100092011360807","name":"Gia Bảo","firstName":"Bảo","vanity":"gia.bao.950892","thumbSrc":"https://scontent-bom1-1.xx.fbcdn.net/v/t1.30497-1/453178253_471506465671661_2781666950760530985_n.png?stp=dst-png_s200x200&_nc_cat=1&ccb=1-7&_nc_sid=136b72&_nc_ohc=cngcqYQ8dQ0Q7kNvwEXbnV3&_nc_oc=AdkY5Em5VX_bNFN10bYLcKv6B-yR_0YsTHRhFJ9dbTPwX9WvvYn6Wg0ufSk6JASosF8&_nc_zt=24&_nc_ht=scontent-bom1-1.xx&oh=00_AfPt-yTJBTpTjQOF9bz-2dhGFIwuhTAPXiwjwJCjySzLFQ&oe=6880A33A","profileUrl":"https://scontent-bom1-1.xx.fbcdn.net/v/t1.30497-1/453178253_471506465671661_2781666950760530985_n.png?stp=dst-png_s200x200&_nc_cat=1&ccb=1-7&_nc_sid=136b72&_nc_ohc=cngcqYQ8dQ0Q7kNvwEXbnV3&_nc_oc=AdkY5Em5VX_bNFN10bYLcKv6B-yR_0YsTHRhFJ9dbTPwX9WvvYn6Wg0ufSk6JASosF8&_nc_zt=24&_nc_ht=scontent-bom1-1.xx&oh=00_AfPt-yTJBTpTjQOF9bz-2dhGFIwuhTAPXiwjwJCjySzLFQ&oe=6880A33A","gender":"MALE","type":"User","isFriend":false,"isBirthday":false}],"unreadCount":1093,"messageCount":1728,"timestamp":"1750673082366","muteUntil":null,"isGroup":true,"isSubscribed":true,"isArchived":false,"folder":"INBOX","cannotReplyReason":null,"eventReminders":[],"emoji":"👍","color":"AF6720","nicknames":{"100013190083648":"NacEmLanCuoi","100024063339576":"MyEm (Nhi)","100036183275957":"War gang = call mất tích","100055334656146":"Ken( Khoa )","100061737520306":"sunwin","100065890241325":"duycon","100071448612416":"KemQue","100071576855387":"tôi bị gây","100073388856309":"MatNguViEm(mdang)","100075288981930":"Zeno","100076989342850":"bin(Sang)","100080401840755":"TuanVu","100080880861840":"Dino 🦖","100082241155630":"emieu","100083517337899":"bố của linh","100083765692538":"matnhanthuc","100087055275210":"TrieuVan","100088703084980":"Phó HDND=)","100089222073866":"Ủa rã hở mban 💔","100089284634330":"Munmunn_05 ( Ánh )","100089633949438":"tướng ???","100090148509629":"trunghieu","100092314671970":"sonkitti","100093490176800":"ConCacTo (n2)","100093549331083":"memaynamki","61551395311782":"saywhatsub","61551993242143":"B52","61552574973692":"bao","61552614562093":"iamNhims","61554280730826":"Li Min Ho","61554345770813":"nlan (nlan)","61555530727758":"Nhi cteee😘🥵","61555928891357":"boss QP","61555934708028":"chipcte ( yn)","61555988966127":"HumanStrongest(BOSS N1)","61556729572545":"ZanZannn( huoangphong )","61558834323463":"boss wk","61559257882090":"hiếu","61561000330024":"maychem Jesus 🤨","61561023511676":"boss TMX","61561963587410":"Tie","61564381705915":"Nhogioguinangbenem","61565658569006":"Nrr( Huy Nguyen)","61565762361665":"PhuongDuyyy","61565842229152":"skyline","61566117717179":"10 giờ mẹ bắt ngủ💔","61566512938263":"Failore ( kiên )","61566606340350":"YAMATO","61571034749374":"anh tuan 🐾 🐸","61571672392013":"LilMuaThu","61572309977778":"Muaxuan_Tokyo","61572562978751":"BoutiqueLove","61574586162804":"bos hdnd","61575006059218":"ZENOS","61575634750135":"Xiao","61576006701160":"Bun_muathutokyo","61576187468006":"boibaonha","61576660816411":"CCD","61576839236826":"Quang Do( nhincailon_027)","100089599209719":"Trần Hà Linh"},"adminIDs":[{"id":"61555530727758"},{"id":"100061737520306"},{"id":"100082241155630"},{"id":"100087055275210"},{"id":"100088476680390"},{"id":"100089599209719"}],"approvalMode":true,"approvalQueue":[],"reactionsMuteMode":"reactions_not_muted","mentionsMuteMode":"mentions_not_muted","isPinProtected":false,"relatedPageThread":null,"name":"👉🏻Jesus•Jesu2 Family👈🏻","snippet":"cdit","snippetSender":"100088476680390","snippetAttachments":[],"serverTimestamp":"1750673082366","imageSrc":"https://scontent-bom2-1.xx.fbcdn.net/v/t1.15752-9/506309624_1214605629936830_1474431355134047658_n.jpg?_nc_cat=108&ccb=1-7&_nc_sid=935a9d&_nc_ohc=fVcwBp0QIcwQ7kNvwGN33nX&_nc_oc=AdmI_d2YEA_yc8LWmyPF3e54gYYDj4AioT66HYLVMIppCTsUCcSjF-XUgnyTZ_spqv4&_nc_zt=23&_nc_ht=scontent-bom2-1.xx&oh=03_Q7cD2gH5jUjejpuDTH851KCH6suSGfs4d8pS9WoBWzpGfZfZYA&oe=6880A33A","isCanonicalUser":false,"isCanonical":false,"recipientsLoadable":true,"hasEmailParticipant":false,"readOnly":false,"canReply":true,"lastMessageType":"message","lastReadTimestamp":"1750653891273","threadType":2,"TimeCreate":1750673083351,"TimeUpdate":1750673083351},"24935803839352901":{"threadID":"24935803839352901","threadName":"Bot Ngu","participantIDs":["61552354211822","61555268946652","61571034749374","61576606696030","61576967192823","61576971271166","100079543967576","100083167659061","100086033984335"],"userInfo":[{"id":"61552354211822","name":"Hữu Lộc","firstName":"Hữu","vanity":"pham.huu.loc.166613","thumbSrc":"https://scontent-bom2-3.xx.fbcdn.net/v/t39.30808-1/480736713_122213341754078473_5870521842329534365_n.jpg?stp=dst-jpg_s200x200_tt6&_nc_cat=110&ccb=1-7&_nc_sid=e99d92&_nc_ohc=NjHpLfRovW0Q7kNvwGVHLYU&_nc_oc=Adn_LcPheGZcFnzt7cXohYNcdrnV5IoUb5oA_EwgKO0aPIhVGdPbf_OXCc4SPhgun64&_nc_zt=24&_nc_ht=scontent-bom2-3.xx&_nc_gid=_wEprr9Sckzk6gHfzQ9Ciw&oh=00_AfNI_RDo3Y8WqYshTOFAtK7t67nuq2oT-vBC7-F0nT9FBA&oe=685F0750","profileUrl":"https://scontent-bom2-3.xx.fbcdn.net/v/t39.30808-1/480736713_122213341754078473_5870521842329534365_n.jpg?stp=dst-jpg_s200x200_tt6&_nc_cat=110&ccb=1-7&_nc_sid=e99d92&_nc_ohc=NjHpLfRovW0Q7kNvwGVHLYU&_nc_oc=Adn_LcPheGZcFnzt7cXohYNcdrnV5IoUb5oA_EwgKO0aPIhVGdPbf_OXCc4SPhgun64&_nc_zt=24&_nc_ht=scontent-bom2-3.xx&_nc_gid=_wEprr9Sckzk6gHfzQ9Ciw&oh=00_AfNI_RDo3Y8WqYshTOFAtK7t67nuq2oT-vBC7-F0nT9FBA&oe=685F0750","gender":"MALE","type":"User","isFriend":false,"isBirthday":false},{"id":"61555268946652","name":"Ngọc Sơn","firstName":"Sơn","vanity":"ngoc.son.501050","thumbSrc":"https://scontent-bom1-1.xx.fbcdn.net/v/t39.30808-1/475448858_122193835394175631_1258613842508882994_n.jpg?stp=dst-jpg_s200x200_tt6&_nc_cat=104&ccb=1-7&_nc_sid=e99d92&_nc_ohc=szPjdjMEQwcQ7kNvwFiiDRn&_nc_oc=Adkahv4l1TDlirE5OYy263-oqKAxap0pkvp5SjC1-Ph_650c-1h69NUn59cv3ebSFNU&_nc_zt=24&_nc_ht=scontent-bom1-1.xx&_nc_gid=_wEprr9Sckzk6gHfzQ9Ciw&oh=00_AfNy0VDfgZXWewZEwrfn8g8vwpnxSdxfM1MCIGY3rmobpQ&oe=685EE5BC","profileUrl":"https://scontent-bom1-1.xx.fbcdn.net/v/t39.30808-1/475448858_122193835394175631_1258613842508882994_n.jpg?stp=dst-jpg_s200x200_tt6&_nc_cat=104&ccb=1-7&_nc_sid=e99d92&_nc_ohc=szPjdjMEQwcQ7kNvwFiiDRn&_nc_oc=Adkahv4l1TDlirE5OYy263-oqKAxap0pkvp5SjC1-Ph_650c-1h69NUn59cv3ebSFNU&_nc_zt=24&_nc_ht=scontent-bom1-1.xx&_nc_gid=_wEprr9Sckzk6gHfzQ9Ciw&oh=00_AfNy0VDfgZXWewZEwrfn8g8vwpnxSdxfM1MCIGY3rmobpQ&oe=685EE5BC","gender":"MALE","type":"User","isFriend":false,"isBirthday":false},{"id":"61571034749374","name":"anh tuan 🐾 🐸","firstName":"anh","vanity":"8jwxjcqwsb","thumbSrc":"https://scontent-bom1-1.xx.fbcdn.net/v/t1.30497-1/453178253_471506465671661_2781666950760530985_n.png?stp=dst-png_s200x200&_nc_cat=1&ccb=1-7&_nc_sid=b224c7&_nc_ohc=cngcqYQ8dQ0Q7kNvwEXbnV3&_nc_oc=AdkY5Em5VX_bNFN10bYLcKv6B-yR_0YsTHRhFJ9dbTPwX9WvvYn6Wg0ufSk6JASosF8&_nc_zt=24&_nc_ht=scontent-bom1-1.xx&oh=00_AfPt-yTJBTpTjQOF9bz-2dhGFIwuhTAPXiwjwJCjySzLFQ&oe=6880A33A","profileUrl":"https://scontent-bom1-1.xx.fbcdn.net/v/t1.30497-1/453178253_471506465671661_2781666950760530985_n.png?stp=dst-png_s200x200&_nc_cat=1&ccb=1-7&_nc_sid=b224c7&_nc_ohc=cngcqYQ8dQ0Q7kNvwEXbnV3&_nc_oc=AdkY5Em5VX_bNFN10bYLcKv6B-yR_0YsTHRhFJ9dbTPwX9WvvYn6Wg0ufSk6JASosF8&_nc_zt=24&_nc_ht=scontent-bom1-1.xx&oh=00_AfPt-yTJBTpTjQOF9bz-2dhGFIwuhTAPXiwjwJCjySzLFQ&oe=6880A33A","gender":"MALE","type":"User","isFriend":false,"isBirthday":false},{"id":"61576606696030","name":"Mẫn Nhi","firstName":"Nhi","vanity":"","thumbSrc":"https://scontent-bom2-4.xx.fbcdn.net/v/t39.30808-1/499605872_122106972134886889_5943880484555703070_n.jpg?stp=c0.0.736.736a_dst-jpg_s200x200_tt6&_nc_cat=106&ccb=1-7&_nc_sid=e99d92&_nc_ohc=B7JJBEhRtW4Q7kNvwHZouFq&_nc_oc=AdnroBuKAv969RoKovI740aiImoheP5AeOpCtcEaOQr9jICnLLoi3nCpyij-Ryy3lKs&_nc_zt=24&_nc_ht=scontent-bom2-4.xx&_nc_gid=_wEprr9Sckzk6gHfzQ9Ciw&oh=00_AfN1s3_xQ5AAKxcvJANQsIDirVEIDJQserf07RxDRx44fw&oe=685F129F","profileUrl":"https://scontent-bom2-4.xx.fbcdn.net/v/t39.30808-1/499605872_122106972134886889_5943880484555703070_n.jpg?stp=c0.0.736.736a_dst-jpg_s200x200_tt6&_nc_cat=106&ccb=1-7&_nc_sid=e99d92&_nc_ohc=B7JJBEhRtW4Q7kNvwHZouFq&_nc_oc=AdnroBuKAv969RoKovI740aiImoheP5AeOpCtcEaOQr9jICnLLoi3nCpyij-Ryy3lKs&_nc_zt=24&_nc_ht=scontent-bom2-4.xx&_nc_gid=_wEprr9Sckzk6gHfzQ9Ciw&oh=00_AfN1s3_xQ5AAKxcvJANQsIDirVEIDJQserf07RxDRx44fw&oe=685F129F","gender":"FEMALE","type":"User","isFriend":false,"isBirthday":false},{"id":"61576967192823","name":"Nguyễn Tèo","firstName":"Tèo","vanity":"","thumbSrc":"https://scontent-bom2-3.xx.fbcdn.net/v/t39.30808-1/506850756_122107756472898906_1822152019269861573_n.jpg?stp=dst-jpg_s200x200_tt6&_nc_cat=110&ccb=1-7&_nc_sid=e99d92&_nc_ohc=cTOZNGIrZjwQ7kNvwG4knwt&_nc_oc=AdkUNOuHHT_cePUPyLQt2Bl134WcU3O_NS6kU5z_L-St2XpB9ntYOJUIWb4MiDzyiWg&_nc_zt=24&_nc_ht=scontent-bom2-3.xx&_nc_gid=_wEprr9Sckzk6gHfzQ9Ciw&oh=00_AfN2eWoDHQDHwJj_6HfWaA-SMP2ZaBsML6NUWvFHNqsbPA&oe=685F1092","profileUrl":"https://scontent-bom2-3.xx.fbcdn.net/v/t39.30808-1/506850756_122107756472898906_1822152019269861573_n.jpg?stp=dst-jpg_s200x200_tt6&_nc_cat=110&ccb=1-7&_nc_sid=e99d92&_nc_ohc=cTOZNGIrZjwQ7kNvwG4knwt&_nc_oc=AdkUNOuHHT_cePUPyLQt2Bl134WcU3O_NS6kU5z_L-St2XpB9ntYOJUIWb4MiDzyiWg&_nc_zt=24&_nc_ht=scontent-bom2-3.xx&_nc_gid=_wEprr9Sckzk6gHfzQ9Ciw&oh=00_AfN2eWoDHQDHwJj_6HfWaA-SMP2ZaBsML6NUWvFHNqsbPA&oe=685F1092","gender":"MALE","type":"User","isFriend":false,"isBirthday":false},{"id":"61576971271166","name":"Oyawa Maria","firstName":"Oyawa","vanity":"","thumbSrc":"https://scontent-bom2-3.xx.fbcdn.net/v/t39.30808-1/503382771_122098312574899042_602884600905251526_n.jpg?stp=dst-jpg_s200x200_tt6&_nc_cat=103&ccb=1-7&_nc_sid=e99d92&_nc_ohc=glFp10nd6vIQ7kNvwEB4IZK&_nc_oc=AdmfkwsUyaKbCjhRiIO56GlcP2zzu9uHP8bfuVSopaP1KRvyWZb6Plmc1aaFhZ2Ptc0&_nc_zt=24&_nc_ht=scontent-bom2-3.xx&_nc_gid=_wEprr9Sckzk6gHfzQ9Ciw&oh=00_AfOdYp_F5Zi6Cp3iSY9Lyq0Rg9A_dKojN1p5dkT0EGMqAQ&oe=685EFCB0","profileUrl":"https://scontent-bom2-3.xx.fbcdn.net/v/t39.30808-1/503382771_122098312574899042_602884600905251526_n.jpg?stp=dst-jpg_s200x200_tt6&_nc_cat=103&ccb=1-7&_nc_sid=e99d92&_nc_ohc=glFp10nd6vIQ7kNvwEB4IZK&_nc_oc=AdmfkwsUyaKbCjhRiIO56GlcP2zzu9uHP8bfuVSopaP1KRvyWZb6Plmc1aaFhZ2Ptc0&_nc_zt=24&_nc_ht=scontent-bom2-3.xx&_nc_gid=_wEprr9Sckzk6gHfzQ9Ciw&oh=00_AfOdYp_F5Zi6Cp3iSY9Lyq0Rg9A_dKojN1p5dkT0EGMqAQ&oe=685EFCB0","gender":"MALE","type":"User","isFriend":false,"isBirthday":false},{"id":"100079543967576","name":"Nguyễn Tâm","firstName":"Tâm","vanity":"","thumbSrc":"https://scontent-bom1-1.xx.fbcdn.net/v/t39.30808-1/503589572_696504046344388_3537660315040230115_n.jpg?stp=dst-jpg_s200x200_tt6&_nc_cat=104&ccb=1-7&_nc_sid=1d2534&_nc_ohc=Q7ErKAl7-CIQ7kNvwFQKRBf&_nc_oc=AdnWq-as6yBLrVnlTU4Br2pygxcSxbJRt5Y2zQXh4S3fahvTFjHBiKHBZlzYwWJliQE&_nc_zt=24&_nc_ht=scontent-bom1-1.xx&_nc_gid=_wEprr9Sckzk6gHfzQ9Ciw&oh=00_AfOTrYqOd6gAvqQkyDe817SraAzWez3YbBRGGJyz1pOfSQ&oe=685F0D92","profileUrl":"https://scontent-bom1-1.xx.fbcdn.net/v/t39.30808-1/503589572_696504046344388_3537660315040230115_n.jpg?stp=dst-jpg_s200x200_tt6&_nc_cat=104&ccb=1-7&_nc_sid=1d2534&_nc_ohc=Q7ErKAl7-CIQ7kNvwFQKRBf&_nc_oc=AdnWq-as6yBLrVnlTU4Br2pygxcSxbJRt5Y2zQXh4S3fahvTFjHBiKHBZlzYwWJliQE&_nc_zt=24&_nc_ht=scontent-bom1-1.xx&_nc_gid=_wEprr9Sckzk6gHfzQ9Ciw&oh=00_AfOTrYqOd6gAvqQkyDe817SraAzWez3YbBRGGJyz1pOfSQ&oe=685F0D92","gender":"MALE","type":"User","isFriend":false,"isBirthday":false},{"id":"100083167659061","name":"Duy Nguyễn","firstName":"Nguyễn","vanity":"duy.nguyen.298991","thumbSrc":"https://scontent-bom1-2.xx.fbcdn.net/v/t39.30808-1/483507980_623616077087309_1035379371919380667_n.jpg?stp=dst-jpg_s200x200_tt6&_nc_cat=100&ccb=1-7&_nc_sid=e99d92&_nc_ohc=uJZIYqYT7NsQ7kNvwHcK-Q0&_nc_oc=Adkwrqa3dhc743XpJJhWuGSBu_zPsjsWDIoibAYTl8WPQRs8sX5eWh5fh_AKknwhEiw&_nc_zt=24&_nc_ht=scontent-bom1-2.xx&_nc_gid=_wEprr9Sckzk6gHfzQ9Ciw&oh=00_AfO46JSWpEJobQqRo4tgkEP0mY9XrwvgTwHVnqkV_-NUYQ&oe=685EFA26","profileUrl":"https://scontent-bom1-2.xx.fbcdn.net/v/t39.30808-1/483507980_623616077087309_1035379371919380667_n.jpg?stp=dst-jpg_s200x200_tt6&_nc_cat=100&ccb=1-7&_nc_sid=e99d92&_nc_ohc=uJZIYqYT7NsQ7kNvwHcK-Q0&_nc_oc=Adkwrqa3dhc743XpJJhWuGSBu_zPsjsWDIoibAYTl8WPQRs8sX5eWh5fh_AKknwhEiw&_nc_zt=24&_nc_ht=scontent-bom1-2.xx&_nc_gid=_wEprr9Sckzk6gHfzQ9Ciw&oh=00_AfO46JSWpEJobQqRo4tgkEP0mY9XrwvgTwHVnqkV_-NUYQ&oe=685EFA26","gender":"MALE","type":"User","isFriend":false,"isBirthday":false},{"id":"100086033984335","name":"Bat Cu Ti 🐾 🐙","firstName":"Bat","vanity":"batvshdt","thumbSrc":"https://scontent-bom2-1.xx.fbcdn.net/v/t39.30808-1/502377303_693465826864544_785738816815420449_n.jpg?stp=dst-jpg_s200x200_tt6&_nc_cat=105&ccb=1-7&_nc_sid=e99d92&_nc_ohc=_aiak41_n7AQ7kNvwGy_aqj&_nc_oc=AdkfNUmZv1O-SXJ5k8-sJg-aNCE_Ub1ymEobiiw-Qvoc6NxPBH-2GUMbtYGmadILcXQ&_nc_zt=24&_nc_ht=scontent-bom2-1.xx&_nc_gid=_wEprr9Sckzk6gHfzQ9Ciw&oh=00_AfPDnJu7_aRX0dgBT3qONtczLsEKa1FAu-T6_rUFpr_39g&oe=685EFEC0","profileUrl":"https://scontent-bom2-1.xx.fbcdn.net/v/t39.30808-1/502377303_693465826864544_785738816815420449_n.jpg?stp=dst-jpg_s200x200_tt6&_nc_cat=105&ccb=1-7&_nc_sid=e99d92&_nc_ohc=_aiak41_n7AQ7kNvwGy_aqj&_nc_oc=AdkfNUmZv1O-SXJ5k8-sJg-aNCE_Ub1ymEobiiw-Qvoc6NxPBH-2GUMbtYGmadILcXQ&_nc_zt=24&_nc_ht=scontent-bom2-1.xx&_nc_gid=_wEprr9Sckzk6gHfzQ9Ciw&oh=00_AfPDnJu7_aRX0dgBT3qONtczLsEKa1FAu-T6_rUFpr_39g&oe=685EFEC0","gender":"MALE","type":"User","isFriend":true,"isBirthday":false}],"unreadCount":587,"messageCount":1714,"timestamp":"1750673463004","muteUntil":null,"isGroup":true,"isSubscribed":true,"isArchived":false,"folder":"INBOX","cannotReplyReason":null,"eventReminders":[],"emoji":"🎪","color":"2753A4","nicknames":{"100079543967576":"Ken Gay","100083167659061":"Duy Bán Cà Rem","61552354211822":"con chó Hữu Lộc","61555268946652":"Anh 4 Hồng Kông","61571034749374":"Curumi ><","61576606696030":"Curumi ><","61576967192823":"Ken yêu Duy","61576971271166":"『 ! 』 ⪼ Bot Ngu"},"adminIDs":[{"id":"61555268946652"},{"id":"61571034749374"},{"id":"61576606696030"},{"id":"61576971271166"},{"id":"100086033984335"}],"approvalMode":false,"approvalQueue":[],"reactionsMuteMode":"reactions_not_muted","mentionsMuteMode":"mentions_not_muted","isPinProtected":false,"relatedPageThread":null,"name":"Bot Ngu","snippet":"@Duy Bán Cà Rem nay kh nói chuyện vs bot à","snippetSender":"61555268946652","snippetAttachments":[],"serverTimestamp":"1750673463004","imageSrc":"https://scontent-bom2-1.xx.fbcdn.net/v/t1.15752-9/504814128_1254102876060996_5908826617744415745_n.jpg?_nc_cat=105&ccb=1-7&_nc_sid=935a9d&_nc_ohc=WIiy2JGhQAcQ7kNvwH0mSBp&_nc_oc=AdmAkX_UH2OPKFpFGNOPY3fNBJpGyS6c6FLW-lNaPhjFr2SvYPHL5BSe1I5aCv4u3kI&_nc_zt=23&_nc_ht=scontent-bom2-1.xx&oh=03_Q7cD2gFCHZS3U5szk7Raaptpuc869rq0xpM6sW6hVgi0OdS57Q&oe=6880B2C9","isCanonicalUser":false,"isCanonical":false,"recipientsLoadable":true,"hasEmailParticipant":false,"readOnly":false,"canReply":true,"lastMessageType":"message","lastReadTimestamp":"1750617038874","threadType":2,"TimeCreate":1750673463882,"TimeUpdate":1750673463882}}