{
    "total": [
        {
            "id": "61556944904391",
            "count": 1
        },
        {
            "id": "61567001673790",
            "count": 0
        },
        {
            "id": "100084348224670",
            "count": 0
        },
        {
            "id": "100072803904410",
            "count": 0
        },
        {
            "id": "100066432165308",
            "count": 0
        },
        {
            "id": "100085699312029",
            "count": 7
        },
        {
            "id": "61556340161904",
            "count": 0
        },
        {
            "id": "100088373778848",
            "count": 0
        },
        {
            "id": "61566152164101",
            "count": 0
        },
        {
            "id": "100075329453282",
            "count": 0
        },
        {
            "id": "61556982637729",
            "count": 0
        },
        {
            "id": "100079490973004",
            "count": 7
        },
        {
            "id": "100064163597791",
            "count": 0
        },
        {
            "id": "100081842041358",
            "count": 0
        },
        {
            "id": "100078232180754",
            "count": 0
        },
        {
            "id": "100088030014052",
            "count": 8
        },
        {
            "id": "100084810031236",
            "count": 0
        },
        {
            "id": "100071803659816",
            "count": 0
        },
        {
            "id": "100084974695350",
            "count": 0
        },
        {
            "id": "100074978373308",
            "count": 17
        },
        {
            "id": "61554257048457",
            "count": 0
        },
        {
            "id": "100054226147012",
            "count": 1
        },
        {
            "id": "61570866568444",
            "count": 0
        },
        {
            "id": "61556290089874",
            "count": 0
        },
        {
            "id": "100062631485005",
            "count": 0
        },
        {
            "id": "100048750442508",
            "count": 0
        },
        {
            "id": "61550206949192",
            "count": 0
        },
        {
            "id": "61553963865714",
            "count": 0
        },
        {
            "id": "61571180794422",
            "count": 6
        },
        {
            "id": "61564988550480",
            "count": 12
        },
        {
            "id": "100089219250726",
            "count": 0
        },
        {
            "id": "100075087039515",
            "count": 0
        },
        {
            "id": "100086033984335",
            "count": 24
        },
        {
            "id": "61560299746623",
            "count": 0
        },
        {
            "id": "61563906764722",
            "count": 0
        },
        {
            "id": "61571034749374",
            "count": 0
        },
        {
            "id": "61576606696030",
            "count": 0
        },
        {
            "id": "61577597250463",
            "count": 9
        }
    ],
    "week": [
        {
            "id": "61556944904391",
            "count": 0,
            "name": "Thien Nguyên"
        },
        {
            "id": "61567001673790",
            "count": 0,
            "name": "ʬʬLê Thanh Thảooʬʬ"
        },
        {
            "id": "100084348224670",
            "count": 0,
            "name": "Nguyễn Thắng"
        },
        {
            "id": "100072803904410",
            "count": 0,
            "name": "Nguyễn Đức Trí"
        },
        {
            "id": "100066432165308",
            "count": 0,
            "name": "Gia Bảo"
        },
        {
            "id": "100085699312029",
            "count": 0,
            "name": "Hoang Bao Khanh"
        },
        {
            "id": "61556340161904",
            "count": 0,
            "name": "Long Quân"
        },
        {
            "id": "100088373778848",
            "count": 0,
            "name": "Ng Khoi"
        },
        {
            "id": "61566152164101",
            "count": 0,
            "name": "Thanh Thao"
        },
        {
            "id": "100075329453282",
            "count": 0,
            "name": "Vuu Tuann Daii"
        },
        {
            "id": "61556982637729",
            "count": 0,
            "name": "Bao Tram"
        },
        {
            "id": "100079490973004",
            "count": 0,
            "name": "Bùi Hoàng Hải"
        },
        {
            "id": "100064163597791",
            "count": 0,
            "name": "Ngg Như Băng"
        },
        {
            "id": "100081842041358",
            "count": 0,
            "name": "Quỳnh Chi"
        },
        {
            "id": "100078232180754",
            "count": 0,
            "name": "Uh Uh"
        },
        {
            "id": "100088030014052",
            "count": 0,
            "name": "Ng Gia Bảo"
        },
        {
            "id": "100084810031236",
            "count": 0,
            "name": "Nguyễn Quang"
        },
        {
            "id": "100071803659816",
            "count": 0,
            "name": "Thành Đạt"
        },
        {
            "id": "100084974695350",
            "count": 0,
            "name": "Nguyễn Thị Như Ý"
        },
        {
            "id": "100074978373308",
            "count": 0,
            "name": "Kieu Trang"
        },
        {
            "id": "61554257048457",
            "count": 0,
            "name": "Nhật Hào"
        },
        {
            "id": "100054226147012",
            "count": 0,
            "name": "Tri Dat"
        },
        {
            "id": "61570866568444",
            "count": 0,
            "name": "Nguyễn Dân"
        },
        {
            "id": "61556290089874",
            "count": 0,
            "name": "Phạm Tuấnn"
        },
        {
            "id": "100062631485005",
            "count": 0,
            "name": "Quang Diggory"
        },
        {
            "id": "100048750442508",
            "count": 0,
            "name": "Mai Thanh"
        },
        {
            "id": "61550206949192",
            "count": 0,
            "name": "Tiến Dũng"
        },
        {
            "id": "61553963865714",
            "count": 0,
            "name": "Khuong Nhât"
        },
        {
            "id": "61571180794422",
            "count": 0,
            "name": "Tri Anh"
        },
        {
            "id": "61564988550480",
            "count": 0,
            "name": "Ho Khuong"
        },
        {
            "id": "100089219250726",
            "count": 0,
            "name": "Nguyễn Trâm"
        },
        {
            "id": "100075087039515",
            "count": 0,
            "name": "Thảo Uyên"
        },
        {
            "id": "100086033984335",
            "count": 0,
            "name": "Bat Cu Ti 🐾 🐙"
        },
        {
            "id": "61560299746623",
            "count": 0,
            "name": "ۦۦ ۦۦ"
        },
        {
            "id": "61563906764722",
            "count": 0,
            "name": "Bot Curumi"
        },
        {
            "id": "61571034749374",
            "count": 0,
            "name": "anh tuan 🐾 🐸"
        },
        {
            "id": "61576606696030",
            "count": 0,
            "name": "Mẫn Nhi"
        },
        {
            "id": "61577597250463",
            "count": 0,
            "name": "Bot Curumi"
        }
    ],
    "day": [
        {
            "id": "61556944904391",
            "count": 0,
            "name": "Thien Nguyên"
        },
        {
            "id": "61567001673790",
            "count": 0,
            "name": "ʬʬLê Thanh Thảooʬʬ"
        },
        {
            "id": "100084348224670",
            "count": 0,
            "name": "Nguyễn Thắng"
        },
        {
            "id": "100072803904410",
            "count": 0,
            "name": "Nguyễn Đức Trí"
        },
        {
            "id": "100066432165308",
            "count": 0,
            "name": "Gia Bảo"
        },
        {
            "id": "100085699312029",
            "count": 0,
            "name": "Hoang Bao Khanh"
        },
        {
            "id": "61556340161904",
            "count": 0,
            "name": "Long Quân"
        },
        {
            "id": "100088373778848",
            "count": 0,
            "name": "Ng Khoi"
        },
        {
            "id": "61566152164101",
            "count": 0,
            "name": "Thanh Thao"
        },
        {
            "id": "100075329453282",
            "count": 0,
            "name": "Vuu Tuann Daii"
        },
        {
            "id": "61556982637729",
            "count": 0,
            "name": "Bao Tram"
        },
        {
            "id": "100079490973004",
            "count": 0,
            "name": "Bùi Hoàng Hải"
        },
        {
            "id": "100064163597791",
            "count": 0,
            "name": "Ngg Như Băng"
        },
        {
            "id": "100081842041358",
            "count": 0,
            "name": "Quỳnh Chi"
        },
        {
            "id": "100078232180754",
            "count": 0,
            "name": "Uh Uh"
        },
        {
            "id": "100088030014052",
            "count": 0,
            "name": "Ng Gia Bảo"
        },
        {
            "id": "100084810031236",
            "count": 0,
            "name": "Nguyễn Quang"
        },
        {
            "id": "100071803659816",
            "count": 0,
            "name": "Thành Đạt"
        },
        {
            "id": "100084974695350",
            "count": 0,
            "name": "Nguyễn Thị Như Ý"
        },
        {
            "id": "100074978373308",
            "count": 0,
            "name": "Kieu Trang"
        },
        {
            "id": "61554257048457",
            "count": 0,
            "name": "Nhật Hào"
        },
        {
            "id": "100054226147012",
            "count": 0,
            "name": "Tri Dat"
        },
        {
            "id": "61570866568444",
            "count": 0,
            "name": "Nguyễn Dân"
        },
        {
            "id": "61556290089874",
            "count": 0,
            "name": "Phạm Tuấnn"
        },
        {
            "id": "100062631485005",
            "count": 0,
            "name": "Quang Diggory"
        },
        {
            "id": "100048750442508",
            "count": 0,
            "name": "Mai Thanh"
        },
        {
            "id": "61550206949192",
            "count": 0,
            "name": "Tiến Dũng"
        },
        {
            "id": "61553963865714",
            "count": 0,
            "name": "Khuong Nhât"
        },
        {
            "id": "61571180794422",
            "count": 0,
            "name": "Tri Anh"
        },
        {
            "id": "61564988550480",
            "count": 0,
            "name": "Ho Khuong"
        },
        {
            "id": "100089219250726",
            "count": 0,
            "name": "Nguyễn Trâm"
        },
        {
            "id": "100075087039515",
            "count": 0,
            "name": "Thảo Uyên"
        },
        {
            "id": "100086033984335",
            "count": 0,
            "name": "Bat Cu Ti 🐾 🐙"
        },
        {
            "id": "61560299746623",
            "count": 0,
            "name": "ۦۦ ۦۦ"
        },
        {
            "id": "61563906764722",
            "count": 0,
            "name": "Bot Curumi"
        },
        {
            "id": "61571034749374",
            "count": 0,
            "name": "anh tuan 🐾 🐸"
        },
        {
            "id": "61576606696030",
            "count": 0,
            "name": "Mẫn Nhi"
        },
        {
            "id": "61577597250463",
            "count": 0,
            "name": "Bot Curumi"
        }
    ],
    "time": 1,
    "last": {
        "time": 5,
        "day": [
            {
                "id": "61556944904391",
                "count": 0
            },
            {
                "id": "61567001673790",
                "count": 0
            },
            {
                "id": "100084348224670",
                "count": 0
            },
            {
                "id": "100072803904410",
                "count": 0
            },
            {
                "id": "100066432165308",
                "count": 0
            },
            {
                "id": "100085699312029",
                "count": 0
            },
            {
                "id": "61556340161904",
                "count": 0
            },
            {
                "id": "100088373778848",
                "count": 0
            },
            {
                "id": "61566152164101",
                "count": 0
            },
            {
                "id": "100075329453282",
                "count": 0
            },
            {
                "id": "61556982637729",
                "count": 0
            },
            {
                "id": "100079490973004",
                "count": 0
            },
            {
                "id": "100064163597791",
                "count": 0
            },
            {
                "id": "100081842041358",
                "count": 0
            },
            {
                "id": "100078232180754",
                "count": 0
            },
            {
                "id": "100088030014052",
                "count": 0
            },
            {
                "id": "100084810031236",
                "count": 0
            },
            {
                "id": "100071803659816",
                "count": 0
            },
            {
                "id": "100084974695350",
                "count": 0
            },
            {
                "id": "100074978373308",
                "count": 0
            },
            {
                "id": "61554257048457",
                "count": 0
            },
            {
                "id": "100054226147012",
                "count": 0
            },
            {
                "id": "61570866568444",
                "count": 0
            },
            {
                "id": "61556290089874",
                "count": 0
            },
            {
                "id": "100062631485005",
                "count": 0
            },
            {
                "id": "100048750442508",
                "count": 0
            },
            {
                "id": "61550206949192",
                "count": 0
            },
            {
                "id": "61553963865714",
                "count": 0
            },
            {
                "id": "61571180794422",
                "count": 0
            },
            {
                "id": "61564988550480",
                "count": 0
            },
            {
                "id": "100089219250726",
                "count": 0
            },
            {
                "id": "100075087039515",
                "count": 0
            },
            {
                "id": "100086033984335",
                "count": 0
            },
            {
                "id": "61560299746623",
                "count": 0
            },
            {
                "id": "61563906764722",
                "count": 0
            },
            {
                "id": "61571034749374",
                "count": 0
            },
            {
                "id": "61576606696030",
                "count": 0
            },
            {
                "id": "61577597250463",
                "count": 0
            }
        ],
        "week": [
            {
                "id": "61556944904391",
                "count": 0
            },
            {
                "id": "61567001673790",
                "count": 0
            },
            {
                "id": "100084348224670",
                "count": 0
            },
            {
                "id": "100072803904410",
                "count": 0
            },
            {
                "id": "100066432165308",
                "count": 0
            },
            {
                "id": "100085699312029",
                "count": 0
            },
            {
                "id": "61556340161904",
                "count": 0
            },
            {
                "id": "100088373778848",
                "count": 0
            },
            {
                "id": "61566152164101",
                "count": 0
            },
            {
                "id": "100075329453282",
                "count": 0
            },
            {
                "id": "61556982637729",
                "count": 0
            },
            {
                "id": "100079490973004",
                "count": 0
            },
            {
                "id": "100064163597791",
                "count": 0
            },
            {
                "id": "100081842041358",
                "count": 0
            },
            {
                "id": "100078232180754",
                "count": 0
            },
            {
                "id": "100088030014052",
                "count": 0
            },
            {
                "id": "100084810031236",
                "count": 0
            },
            {
                "id": "100071803659816",
                "count": 0
            },
            {
                "id": "100084974695350",
                "count": 0
            },
            {
                "id": "100074978373308",
                "count": 0
            },
            {
                "id": "61554257048457",
                "count": 0
            },
            {
                "id": "100054226147012",
                "count": 0
            },
            {
                "id": "61570866568444",
                "count": 0
            },
            {
                "id": "61556290089874",
                "count": 0
            },
            {
                "id": "100062631485005",
                "count": 0
            },
            {
                "id": "100048750442508",
                "count": 0
            },
            {
                "id": "61550206949192",
                "count": 0
            },
            {
                "id": "61553963865714",
                "count": 0
            },
            {
                "id": "61571180794422",
                "count": 0
            },
            {
                "id": "61564988550480",
                "count": 0
            },
            {
                "id": "100089219250726",
                "count": 0
            },
            {
                "id": "100075087039515",
                "count": 0
            },
            {
                "id": "100086033984335",
                "count": 0
            },
            {
                "id": "61560299746623",
                "count": 0
            },
            {
                "id": "61563906764722",
                "count": 0
            },
            {
                "id": "61571034749374",
                "count": 0
            },
            {
                "id": "61576606696030",
                "count": 0
            },
            {
                "id": "61577597250463",
                "count": 0
            }
        ]
    }
}