{
    "total": [
        {
            "id": "509484270",
            "count": 0
        },
        {
            "id": "100061160525111",
            "count": 0
        },
        {
            "id": "100004854283037",
            "count": 0
        },
        {
            "id": "100082897621667",
            "count": 0
        },
        {
            "id": "100063600331393",
            "count": 0
        },
        {
            "id": "100092474333705",
            "count": 0
        },
        {
            "id": "100091738788586",
            "count": 0
        },
        {
            "id": "61572135665820",
            "count": 2
        },
        {
            "id": "61557452279525",
            "count": 0
        },
        {
            "id": "100088241739223",
            "count": 0
        },
        {
            "id": "100000264111892",
            "count": 0
        },
        {
            "id": "1429451704",
            "count": 0
        },
        {
            "id": "100024487176902",
            "count": 0
        },
        {
            "id": "61552776494105",
            "count": 0
        },
        {
            "id": "100075046016427",
            "count": 0
        },
        {
            "id": "100072191102822",
            "count": 0
        },
        {
            "id": "100079132493558",
            "count": 0
        },
        {
            "id": "100081680783009",
            "count": 0
        },
        {
            "id": "100052642507538",
            "count": 0
        },
        {
            "id": "100040761302134",
            "count": 0
        },
        {
            "id": "100069864945865",
            "count": 0
        },
        {
            "id": "100075342186524",
            "count": 0
        },
        {
            "id": "100079577807941",
            "count": 0
        },
        {
            "id": "61576380160547",
            "count": 0
        },
        {
            "id": "61574544987224",
            "count": 0
        },
        {
            "id": "100035421814099",
            "count": 0
        },
        {
            "id": "100048286966787",
            "count": 0
        },
        {
            "id": "502275138",
            "count": 1
        },
        {
            "id": "1270787329",
            "count": 0
        },
        {
            "id": "100067827494573",
            "count": 0
        },
        {
            "id": "61573025903295",
            "count": 11
        },
        {
            "id": "100000493975005",
            "count": 0
        },
        {
            "id": "61550528673840",
            "count": 0
        },
        {
            "id": "61575877653697",
            "count": 0
        },
        {
            "id": "61568443432899",
            "count": 0
        },
        {
            "id": "61571492513069",
            "count": 0
        },
        {
            "id": "100055646286887",
            "count": 0
        },
        {
            "id": "100093434798663",
            "count": 0
        },
        {
            "id": "100051439970359",
            "count": 0
        },
        {
            "id": "100002896167413",
            "count": 0
        },
        {
            "id": "100080280230629",
            "count": 0
        },
        {
            "id": "100048033791608",
            "count": 0
        },
        {
            "id": "61556821182282",
            "count": 0
        },
        {
            "id": "61555015060828",
            "count": 0
        },
        {
            "id": "100082605747368",
            "count": 0
        },
        {
            "id": "100056204041775",
            "count": 0
        },
        {
            "id": "61572250255278",
            "count": 0
        },
        {
            "id": "61551202621743",
            "count": 0
        },
        {
            "id": "100071132537313",
            "count": 0
        },
        {
            "id": "100088286371303",
            "count": 0
        },
        {
            "id": "61569096448142",
            "count": 0
        },
        {
            "id": "1809148173",
            "count": 0
        },
        {
            "id": "100084787853256",
            "count": 0
        },
        {
            "id": "61571284143128",
            "count": 0
        },
        {
            "id": "100067508386723",
            "count": 0
        },
        {
            "id": "61571035713804",
            "count": 0
        },
        {
            "id": "61567304669782",
            "count": 0
        },
        {
            "id": "100094629826721",
            "count": 0
        },
        {
            "id": "61558219527956",
            "count": 13
        },
        {
            "id": "1618411211",
            "count": 0
        },
        {
            "id": "100091659336073",
            "count": 0
        },
        {
            "id": "61557926310385",
            "count": 0
        },
        {
            "id": "1247419593",
            "count": 0
        },
        {
            "id": "100024871212620",
            "count": 1
        },
        {
            "id": "61573179532897",
            "count": 0
        },
        {
            "id": "61576847171850",
            "count": 0
        },
        {
            "id": "61563763283847",
            "count": 0
        },
        {
            "id": "100061172506707",
            "count": 0
        },
        {
            "id": "1831058374",
            "count": 0
        },
        {
            "id": "100015708247902",
            "count": 0
        },
        {
            "id": "668627454",
            "count": 0
        },
        {
            "id": "651647356",
            "count": 0
        },
        {
            "id": "61577101080886",
            "count": 2
        },
        {
            "id": "100009744612822",
            "count": 0
        },
        {
            "id": "100055005337955",
            "count": 0
        },
        {
            "id": "100050305603483",
            "count": 0
        },
        {
            "id": "61572938072676",
            "count": 0
        },
        {
            "id": "100057016878182",
            "count": 0
        },
        {
            "id": "100038050414530",
            "count": 0
        },
        {
            "id": "61577270136203",
            "count": 0
        },
        {
            "id": "100016757713599",
            "count": 0
        },
        {
            "id": "61560299746623",
            "count": 0
        },
        {
            "id": "61571034749374",
            "count": 0
        },
        {
            "id": "61573986054035",
            "count": 0
        },
        {
            "id": "100046456190161",
            "count": 0
        },
        {
            "id": "61575999835460",
            "count": 0
        },
        {
            "id": "61575034471403",
            "count": 0
        },
        {
            "id": "61577342549582",
            "count": 0
        },
        {
            "id": "61572981691605",
            "count": 0
        },
        {
            "id": "100038946913086",
            "count": 0
        },
        {
            "id": "61577237682252",
            "count": 0
        },
        {
            "id": "100087753891879",
            "count": 0
        },
        {
            "id": "100034255932020",
            "count": 0
        },
        {
            "id": "61575203132001",
            "count": 0
        },
        {
            "id": "100060523696552",
            "count": 0
        },
        {
            "id": "61563906764722",
            "count": 0
        },
        {
            "id": "61577597250463",
            "count": 2
        },
        {
            "id": "100086033984335",
            "count": 2
        }
    ],
    "week": [
        {
            "id": "509484270",
            "count": 0,
            "name": "Van Tuan"
        },
        {
            "id": "100061160525111",
            "count": 0,
            "name": "Cường Thịnh ☁️"
        },
        {
            "id": "100004854283037",
            "count": 0,
            "name": "Đến Đi Làmtổnthươngnhauđi"
        },
        {
            "id": "100082897621667",
            "count": 0,
            "name": "Nguyễn Trương Khang"
        },
        {
            "id": "100063600331393",
            "count": 0,
            "name": "Thanh Loc"
        },
        {
            "id": "100092474333705",
            "count": 0,
            "name": "Hải Đăng"
        },
        {
            "id": "100091738788586",
            "count": 0,
            "name": "Quốc Khánh"
        },
        {
            "id": "61572135665820",
            "count": 0,
            "name": "Anh Kiet"
        },
        {
            "id": "61557452279525",
            "count": 0,
            "name": "Haoo Duongw Dz"
        },
        {
            "id": "100088241739223",
            "count": 0,
            "name": "Nguyễn TuấnAnh"
        },
        {
            "id": "100000264111892",
            "count": 0,
            "name": "Trịnh Duy Toàn 🖕🏻🐕🐈"
        },
        {
            "id": "1429451704",
            "count": 0,
            "name": "Hoàng Gia Bảo"
        },
        {
            "id": "100024487176902",
            "count": 0,
            "name": "tuann haii 󰟵"
        },
        {
            "id": "61552776494105",
            "count": 0,
            "name": "Quốc Triệu"
        },
        {
            "id": "100075046016427",
            "count": 0,
            "name": "Linh Khải"
        },
        {
            "id": "100072191102822",
            "count": 0,
            "name": "Bảo Long"
        },
        {
            "id": "100079132493558",
            "count": 0,
            "name": "Phạm Hiếu"
        },
        {
            "id": "100081680783009",
            "count": 0,
            "name": "Lê Văn An"
        },
        {
            "id": "100052642507538",
            "count": 0,
            "name": "Nguyễn Thanh Tuấn"
        },
        {
            "id": "100040761302134",
            "count": 0,
            "name": "Minh  Đức 󱢏"
        },
        {
            "id": "100069864945865",
            "count": 0,
            "name": "Đặng Văn Lịnh"
        },
        {
            "id": "100075342186524",
            "count": 0,
            "name": "Ngô Lê ♠️♣️♦️♥️🃏⚠️🫠🥹"
        },
        {
            "id": "100079577807941",
            "count": 0,
            "name": "Đào Thái Thịnh"
        },
        {
            "id": "61576380160547",
            "count": 0,
            "name": "Zyy Khanhh"
        },
        {
            "id": "61574544987224",
            "count": 0,
            "name": "Dang Gia Khanh 🐳"
        },
        {
            "id": "100035421814099",
            "count": 0,
            "name": "𝑻𝒅𝒖𝒏𝒈 𓆉"
        },
        {
            "id": "100048286966787",
            "count": 0,
            "name": "Ng Van Chien 🧸 💤"
        },
        {
            "id": "502275138",
            "count": 0,
            "name": "Phạm Minh Đồng"
        },
        {
            "id": "1270787329",
            "count": 0,
            "name": "Ngân Quỳnh Hoa"
        },
        {
            "id": "100067827494573",
            "count": 0,
            "name": "Minh Truong"
        },
        {
            "id": "61573025903295",
            "count": 0,
            "name": "𝑻𝒖𝒂𝒏 𝑲𝒉𝒂𝒏𝒉 ️️️️️️️️️️️️️️️️️️️️️️️️️️️️️️️️️️️️️️️️️️️️️️️️️️️️️️️️️️️️️️️️️️️️️️️️️️️️️️️️️️️️️️️️️️️️️️️️️️️️️️️️️️️️️️️️️️️️️️️️️️️️️️️️️️️️️️️️️️️️️️️️️️️️️️️️️️️️️️"
        },
        {
            "id": "100000493975005",
            "count": 0,
            "name": "Nguyễn Đinh Tiến Dũng"
        },
        {
            "id": "61550528673840",
            "count": 0,
            "name": "Đỗ Nguyễn Hữu Thắng"
        },
        {
            "id": "61575877653697",
            "count": 0,
            "name": "Sục Cu"
        },
        {
            "id": "61568443432899",
            "count": 0,
            "name": "ぴ・　ꔫ Trâm Anhꜝꜝ　ᗢ︒"
        },
        {
            "id": "61571492513069",
            "count": 0,
            "name": "ゝ︒ tienzdat ۦᰔᩚ.ᐟ"
        },
        {
            "id": "100055646286887",
            "count": 0,
            "name": "Trần Văn Trung 🇻🇳"
        },
        {
            "id": "100093434798663",
            "count": 0,
            "name": "Người dùng Facebook"
        },
        {
            "id": "100051439970359",
            "count": 0,
            "name": "Quang Trung"
        },
        {
            "id": "100002896167413",
            "count": 0,
            "name": "Nguyen Duc Toan 🧸💝"
        },
        {
            "id": "100080280230629",
            "count": 0,
            "name": "Ngocc Tuann  🎧🧸💤"
        },
        {
            "id": "100048033791608",
            "count": 0,
            "name": "Khanh Duy"
        },
        {
            "id": "61556821182282",
            "count": 0,
            "name": "お　Ꞌꞌ tompham　ꗯ　꩜"
        },
        {
            "id": "61555015060828",
            "count": 0,
            "name": "Nguyễn Khánh"
        },
        {
            "id": "100082605747368",
            "count": 0,
            "name": "Pensiment Balance"
        },
        {
            "id": "100056204041775",
            "count": 0,
            "name": "Thanh Nguyên ☔"
        },
        {
            "id": "61572250255278",
            "count": 0,
            "name": "Hao Anh"
        },
        {
            "id": "61551202621743",
            "count": 0,
            "name": "Ng Chienn Thangg 🦑💢"
        },
        {
            "id": "100071132537313",
            "count": 0,
            "name": "Trần Thanh Dương"
        },
        {
            "id": "100088286371303",
            "count": 0,
            "name": "Hoàng Gia Bảo"
        },
        {
            "id": "61569096448142",
            "count": 0,
            "name": "Malu Khan"
        },
        {
            "id": "1809148173",
            "count": 0,
            "name": "Hugo Santi"
        },
        {
            "id": "100084787853256",
            "count": 0,
            "name": "Facebook user"
        },
        {
            "id": "61571284143128",
            "count": 0,
            "name": "Facebook user"
        },
        {
            "id": "100067508386723",
            "count": 0,
            "name": "Phạm Hữu Tài"
        },
        {
            "id": "61571035713804",
            "count": 0,
            "name": "Trần Thanh Dương"
        },
        {
            "id": "61567304669782",
            "count": 0,
            "name": "Facebook user"
        },
        {
            "id": "100094629826721",
            "count": 0,
            "name": "Phạm Minh Đồng ✅"
        },
        {
            "id": "61558219527956",
            "count": 0,
            "name": "Hải Yến"
        },
        {
            "id": "1618411211",
            "count": 0,
            "name": "Nguyen Duc Toan"
        },
        {
            "id": "100091659336073",
            "count": 0,
            "name": "Duy Liachi"
        },
        {
            "id": "61557926310385",
            "count": 0,
            "name": "War Xung"
        },
        {
            "id": "1247419593",
            "count": 0,
            "name": "Nguyễn Ngọc Lợi"
        },
        {
            "id": "100024871212620",
            "count": 0,
            "name": "✅ Nguyễn Đinh Tiến Dũng ✅☠️️🏹🔰️🎱👑️🎧💔️🥊️🎳️🎖️️🏅️🥇️🥈️🥉️🏆"
        },
        {
            "id": "61573179532897",
            "count": 0,
            "name": "TrHoang M.Hiền"
        },
        {
            "id": "61576847171850",
            "count": 0,
            "name": "Kim Ngọc"
        },
        {
            "id": "61563763283847",
            "count": 0,
            "name": "Renz Mansueto"
        },
        {
            "id": "100061172506707",
            "count": 0,
            "name": "Cẩm Giang"
        },
        {
            "id": "1831058374",
            "count": 0,
            "name": "Mẫn Kiều Linh"
        },
        {
            "id": "100015708247902",
            "count": 0,
            "name": "Lê Tuấn Vỹ"
        },
        {
            "id": "668627454",
            "count": 0,
            "name": "Võ Đình Thanh"
        },
        {
            "id": "651647356",
            "count": 0,
            "name": "Nguyễn Thanh Tuấn"
        },
        {
            "id": "61577101080886",
            "count": 0,
            "name": "Ok Trung"
        },
        {
            "id": "100009744612822",
            "count": 0,
            "name": "Nguyễn Thanh Tuấn"
        },
        {
            "id": "100055005337955",
            "count": 0,
            "name": "Hyu Trna"
        },
        {
            "id": "100050305603483",
            "count": 0,
            "name": "Thanh Trúcc"
        },
        {
            "id": "61572938072676",
            "count": 0,
            "name": "𝙱𝚊̀𝚗 𝚃𝚞𝚊̂́𝚗 𝙺𝚑𝚊𝚗𝚑 ️️️️️️️️️️️️️️️️️️️️️️️️️️️️️️️️️️️️️️️️️️️️️️️️️️️️️️️️️️️️️️️️️️️️️️️️️️️️️️️️️️️️️️️️️️️️️️️️️️️️️️️️️️️️️️️️️️️️️️️️️️️️️️️️️️️️️️️️️️️️️️️️️️️️️️️"
        },
        {
            "id": "100057016878182",
            "count": 0,
            "name": "Akemi Homura"
        },
        {
            "id": "100038050414530",
            "count": 0,
            "name": "Nguyễn Nguyên"
        },
        {
            "id": "61577270136203",
            "count": 0,
            "name": "Bố Mày Nè"
        },
        {
            "id": "100016757713599",
            "count": 0,
            "name": "Phạm Trung Kiên"
        },
        {
            "id": "61560299746623",
            "count": 0,
            "name": "ۦۦ ۦۦ"
        },
        {
            "id": "61571034749374",
            "count": 0,
            "name": "anh tuan 🐾 🐸"
        },
        {
            "id": "61573986054035",
            "count": 0,
            "name": "Aoyama Nanami"
        },
        {
            "id": "100046456190161",
            "count": 0,
            "name": "Người dùng facebook"
        },
        {
            "id": "61575999835460",
            "count": 0,
            "name": "Thanh Nghia"
        },
        {
            "id": "61575034471403",
            "count": 0,
            "name": "👑  Ng Huy  🐙🧸💤"
        },
        {
            "id": "61577342549582",
            "count": 0,
            "name": "Người dùng facebook"
        },
        {
            "id": "61572981691605",
            "count": 0,
            "name": "Người dùng facebook"
        },
        {
            "id": "100038946913086",
            "count": 0,
            "name": "Nguyễn Thành Đạt"
        },
        {
            "id": "61577237682252",
            "count": 0,
            "name": "Người dùng facebook"
        },
        {
            "id": "100087753891879",
            "count": 0,
            "name": "Người dùng facebook"
        },
        {
            "id": "100034255932020",
            "count": 0,
            "name": "Angelyn C Diaz"
        },
        {
            "id": "61575203132001",
            "count": 0,
            "name": "Bảo Satoru"
        },
        {
            "id": "100060523696552",
            "count": 0,
            "name": "lưu kiều diệpꪮৎ︒　キ"
        },
        {
            "id": "61563906764722",
            "count": 0,
            "name": "Bot Curumi"
        },
        {
            "id": "61577597250463",
            "count": 0,
            "name": "Bot Curumi"
        },
        {
            "id": "100086033984335",
            "count": 0,
            "name": "Bat Cu Ti 🐾 🐙"
        }
    ],
    "day": [
        {
            "id": "509484270",
            "count": 0,
            "name": "Van Tuan"
        },
        {
            "id": "100061160525111",
            "count": 0,
            "name": "Cường Thịnh ☁️"
        },
        {
            "id": "100004854283037",
            "count": 0,
            "name": "Đến Đi Làmtổnthươngnhauđi"
        },
        {
            "id": "100082897621667",
            "count": 0,
            "name": "Nguyễn Trương Khang"
        },
        {
            "id": "100063600331393",
            "count": 0,
            "name": "Thanh Loc"
        },
        {
            "id": "100092474333705",
            "count": 0,
            "name": "Hải Đăng"
        },
        {
            "id": "100091738788586",
            "count": 0,
            "name": "Quốc Khánh"
        },
        {
            "id": "61572135665820",
            "count": 0,
            "name": "Anh Kiet"
        },
        {
            "id": "61557452279525",
            "count": 0,
            "name": "Haoo Duongw Dz"
        },
        {
            "id": "100088241739223",
            "count": 0,
            "name": "Nguyễn TuấnAnh"
        },
        {
            "id": "100000264111892",
            "count": 0,
            "name": "Trịnh Duy Toàn 🖕🏻🐕🐈"
        },
        {
            "id": "1429451704",
            "count": 0,
            "name": "Hoàng Gia Bảo"
        },
        {
            "id": "100024487176902",
            "count": 0,
            "name": "tuann haii 󰟵"
        },
        {
            "id": "61552776494105",
            "count": 0,
            "name": "Quốc Triệu"
        },
        {
            "id": "100075046016427",
            "count": 0,
            "name": "Linh Khải"
        },
        {
            "id": "100072191102822",
            "count": 0,
            "name": "Bảo Long"
        },
        {
            "id": "100079132493558",
            "count": 0,
            "name": "Phạm Hiếu"
        },
        {
            "id": "100081680783009",
            "count": 0,
            "name": "Lê Văn An"
        },
        {
            "id": "100052642507538",
            "count": 0,
            "name": "Nguyễn Thanh Tuấn"
        },
        {
            "id": "100040761302134",
            "count": 0,
            "name": "Minh  Đức 󱢏"
        },
        {
            "id": "100069864945865",
            "count": 0,
            "name": "Đặng Văn Lịnh"
        },
        {
            "id": "100075342186524",
            "count": 0,
            "name": "Ngô Lê ♠️♣️♦️♥️🃏⚠️🫠🥹"
        },
        {
            "id": "100079577807941",
            "count": 0,
            "name": "Đào Thái Thịnh"
        },
        {
            "id": "61576380160547",
            "count": 0,
            "name": "Zyy Khanhh"
        },
        {
            "id": "61574544987224",
            "count": 0,
            "name": "Dang Gia Khanh 🐳"
        },
        {
            "id": "100035421814099",
            "count": 0,
            "name": "𝑻𝒅𝒖𝒏𝒈 𓆉"
        },
        {
            "id": "100048286966787",
            "count": 0,
            "name": "Ng Van Chien 🧸 💤"
        },
        {
            "id": "502275138",
            "count": 0,
            "name": "Phạm Minh Đồng"
        },
        {
            "id": "1270787329",
            "count": 0,
            "name": "Ngân Quỳnh Hoa"
        },
        {
            "id": "100067827494573",
            "count": 0,
            "name": "Minh Truong"
        },
        {
            "id": "61573025903295",
            "count": 0,
            "name": "𝑻𝒖𝒂𝒏 𝑲𝒉𝒂𝒏𝒉 ️️️️️️️️️️️️️️️️️️️️️️️️️️️️️️️️️️️️️️️️️️️️️️️️️️️️️️️️️️️️️️️️️️️️️️️️️️️️️️️️️️️️️️️️️️️️️️️️️️️️️️️️️️️️️️️️️️️️️️️️️️️️️️️️️️️️️️️️️️️️️️️️️️️️️️️️️️️️️️"
        },
        {
            "id": "100000493975005",
            "count": 0,
            "name": "Nguyễn Đinh Tiến Dũng"
        },
        {
            "id": "61550528673840",
            "count": 0,
            "name": "Đỗ Nguyễn Hữu Thắng"
        },
        {
            "id": "61575877653697",
            "count": 0,
            "name": "Sục Cu"
        },
        {
            "id": "61568443432899",
            "count": 0,
            "name": "ぴ・　ꔫ Trâm Anhꜝꜝ　ᗢ︒"
        },
        {
            "id": "61571492513069",
            "count": 0,
            "name": "ゝ︒ tienzdat ۦᰔᩚ.ᐟ"
        },
        {
            "id": "100055646286887",
            "count": 0,
            "name": "Trần Văn Trung 🇻🇳"
        },
        {
            "id": "100093434798663",
            "count": 0,
            "name": "Người dùng Facebook"
        },
        {
            "id": "100051439970359",
            "count": 0,
            "name": "Quang Trung"
        },
        {
            "id": "100002896167413",
            "count": 0,
            "name": "Nguyen Duc Toan 🧸💝"
        },
        {
            "id": "100080280230629",
            "count": 0,
            "name": "Ngocc Tuann  🎧🧸💤"
        },
        {
            "id": "100048033791608",
            "count": 0,
            "name": "Khanh Duy"
        },
        {
            "id": "61556821182282",
            "count": 0,
            "name": "お　Ꞌꞌ tompham　ꗯ　꩜"
        },
        {
            "id": "61555015060828",
            "count": 0,
            "name": "Nguyễn Khánh"
        },
        {
            "id": "100082605747368",
            "count": 0,
            "name": "Pensiment Balance"
        },
        {
            "id": "100056204041775",
            "count": 0,
            "name": "Thanh Nguyên ☔"
        },
        {
            "id": "61572250255278",
            "count": 0,
            "name": "Hao Anh"
        },
        {
            "id": "61551202621743",
            "count": 0,
            "name": "Ng Chienn Thangg 🦑💢"
        },
        {
            "id": "100071132537313",
            "count": 0,
            "name": "Trần Thanh Dương"
        },
        {
            "id": "100088286371303",
            "count": 0,
            "name": "Hoàng Gia Bảo"
        },
        {
            "id": "61569096448142",
            "count": 0,
            "name": "Malu Khan"
        },
        {
            "id": "1809148173",
            "count": 0,
            "name": "Hugo Santi"
        },
        {
            "id": "100084787853256",
            "count": 0,
            "name": "Facebook user"
        },
        {
            "id": "61571284143128",
            "count": 0,
            "name": "Facebook user"
        },
        {
            "id": "100067508386723",
            "count": 0,
            "name": "Phạm Hữu Tài"
        },
        {
            "id": "61571035713804",
            "count": 0,
            "name": "Trần Thanh Dương"
        },
        {
            "id": "61567304669782",
            "count": 0,
            "name": "Facebook user"
        },
        {
            "id": "100094629826721",
            "count": 0,
            "name": "Phạm Minh Đồng ✅"
        },
        {
            "id": "61558219527956",
            "count": 0,
            "name": "Hải Yến"
        },
        {
            "id": "1618411211",
            "count": 0,
            "name": "Nguyen Duc Toan"
        },
        {
            "id": "100091659336073",
            "count": 0,
            "name": "Duy Liachi"
        },
        {
            "id": "61557926310385",
            "count": 0,
            "name": "War Xung"
        },
        {
            "id": "1247419593",
            "count": 0,
            "name": "Nguyễn Ngọc Lợi"
        },
        {
            "id": "100024871212620",
            "count": 0,
            "name": "✅ Nguyễn Đinh Tiến Dũng ✅☠️️🏹🔰️🎱👑️🎧💔️🥊️🎳️🎖️️🏅️🥇️🥈️🥉️🏆"
        },
        {
            "id": "61573179532897",
            "count": 0,
            "name": "TrHoang M.Hiền"
        },
        {
            "id": "61576847171850",
            "count": 0,
            "name": "Kim Ngọc"
        },
        {
            "id": "61563763283847",
            "count": 0,
            "name": "Renz Mansueto"
        },
        {
            "id": "100061172506707",
            "count": 0,
            "name": "Cẩm Giang"
        },
        {
            "id": "1831058374",
            "count": 0,
            "name": "Mẫn Kiều Linh"
        },
        {
            "id": "100015708247902",
            "count": 0,
            "name": "Lê Tuấn Vỹ"
        },
        {
            "id": "668627454",
            "count": 0,
            "name": "Võ Đình Thanh"
        },
        {
            "id": "651647356",
            "count": 0,
            "name": "Nguyễn Thanh Tuấn"
        },
        {
            "id": "61577101080886",
            "count": 0,
            "name": "Ok Trung"
        },
        {
            "id": "100009744612822",
            "count": 0,
            "name": "Nguyễn Thanh Tuấn"
        },
        {
            "id": "100055005337955",
            "count": 0,
            "name": "Hyu Trna"
        },
        {
            "id": "100050305603483",
            "count": 0,
            "name": "Thanh Trúcc"
        },
        {
            "id": "61572938072676",
            "count": 0,
            "name": "𝙱𝚊̀𝚗 𝚃𝚞𝚊̂́𝚗 𝙺𝚑𝚊𝚗𝚑 ️️️️️️️️️️️️️️️️️️️️️️️️️️️️️️️️️️️️️️️️️️️️️️️️️️️️️️️️️️️️️️️️️️️️️️️️️️️️️️️️️️️️️️️️️️️️️️️️️️️️️️️️️️️️️️️️️️️️️️️️️️️️️️️️️️️️️️️️️️️️️️️️️️️️️️️"
        },
        {
            "id": "100057016878182",
            "count": 0,
            "name": "Akemi Homura"
        },
        {
            "id": "100038050414530",
            "count": 0,
            "name": "Nguyễn Nguyên"
        },
        {
            "id": "61577270136203",
            "count": 0,
            "name": "Bố Mày Nè"
        },
        {
            "id": "100016757713599",
            "count": 0,
            "name": "Phạm Trung Kiên"
        },
        {
            "id": "61560299746623",
            "count": 0,
            "name": "ۦۦ ۦۦ"
        },
        {
            "id": "61571034749374",
            "count": 0,
            "name": "anh tuan 🐾 🐸"
        },
        {
            "id": "61573986054035",
            "count": 0,
            "name": "Aoyama Nanami"
        },
        {
            "id": "100046456190161",
            "count": 0,
            "name": "Người dùng facebook"
        },
        {
            "id": "61575999835460",
            "count": 0,
            "name": "Thanh Nghia"
        },
        {
            "id": "61575034471403",
            "count": 0,
            "name": "👑  Ng Huy  🐙🧸💤"
        },
        {
            "id": "61577342549582",
            "count": 0,
            "name": "Người dùng facebook"
        },
        {
            "id": "61572981691605",
            "count": 0,
            "name": "Người dùng facebook"
        },
        {
            "id": "100038946913086",
            "count": 0,
            "name": "Nguyễn Thành Đạt"
        },
        {
            "id": "61577237682252",
            "count": 0,
            "name": "Người dùng facebook"
        },
        {
            "id": "100087753891879",
            "count": 0,
            "name": "Người dùng facebook"
        },
        {
            "id": "100034255932020",
            "count": 0,
            "name": "Angelyn C Diaz"
        },
        {
            "id": "61575203132001",
            "count": 0,
            "name": "Bảo Satoru"
        },
        {
            "id": "100060523696552",
            "count": 0,
            "name": "Người dùng facebook"
        },
        {
            "id": "61563906764722",
            "count": 0,
            "name": "Bot Curumi"
        },
        {
            "id": "61577597250463",
            "count": 0,
            "name": "Bot Curumi"
        },
        {
            "id": "100086033984335",
            "count": 0,
            "name": "Bat Cu Ti 🐾 🐙"
        }
    ],
    "time": 1,
    "last": {
        "time": 5,
        "day": [
            {
                "id": "509484270",
                "count": 0
            },
            {
                "id": "100061160525111",
                "count": 0
            },
            {
                "id": "100004854283037",
                "count": 0
            },
            {
                "id": "100082897621667",
                "count": 0
            },
            {
                "id": "100063600331393",
                "count": 0
            },
            {
                "id": "100092474333705",
                "count": 0
            },
            {
                "id": "100091738788586",
                "count": 0
            },
            {
                "id": "61572135665820",
                "count": 0
            },
            {
                "id": "61557452279525",
                "count": 0
            },
            {
                "id": "100088241739223",
                "count": 0
            },
            {
                "id": "100000264111892",
                "count": 0
            },
            {
                "id": "1429451704",
                "count": 0
            },
            {
                "id": "100024487176902",
                "count": 0
            },
            {
                "id": "61552776494105",
                "count": 0
            },
            {
                "id": "100075046016427",
                "count": 0
            },
            {
                "id": "100072191102822",
                "count": 0
            },
            {
                "id": "100079132493558",
                "count": 0
            },
            {
                "id": "100081680783009",
                "count": 0
            },
            {
                "id": "100052642507538",
                "count": 0
            },
            {
                "id": "100040761302134",
                "count": 0
            },
            {
                "id": "100069864945865",
                "count": 0
            },
            {
                "id": "100075342186524",
                "count": 0
            },
            {
                "id": "100079577807941",
                "count": 0
            },
            {
                "id": "61576380160547",
                "count": 0
            },
            {
                "id": "61574544987224",
                "count": 0
            },
            {
                "id": "100035421814099",
                "count": 0
            },
            {
                "id": "100048286966787",
                "count": 0
            },
            {
                "id": "502275138",
                "count": 0
            },
            {
                "id": "1270787329",
                "count": 0
            },
            {
                "id": "100067827494573",
                "count": 0
            },
            {
                "id": "61573025903295",
                "count": 0
            },
            {
                "id": "100000493975005",
                "count": 0
            },
            {
                "id": "61550528673840",
                "count": 0
            },
            {
                "id": "61575877653697",
                "count": 0
            },
            {
                "id": "61568443432899",
                "count": 0
            },
            {
                "id": "61571492513069",
                "count": 0
            },
            {
                "id": "100055646286887",
                "count": 0
            },
            {
                "id": "100093434798663",
                "count": 0
            },
            {
                "id": "100051439970359",
                "count": 0
            },
            {
                "id": "100002896167413",
                "count": 0
            },
            {
                "id": "100080280230629",
                "count": 0
            },
            {
                "id": "100048033791608",
                "count": 0
            },
            {
                "id": "61556821182282",
                "count": 0
            },
            {
                "id": "61555015060828",
                "count": 0
            },
            {
                "id": "100082605747368",
                "count": 0
            },
            {
                "id": "100056204041775",
                "count": 0
            },
            {
                "id": "61555831794379",
                "count": 0
            },
            {
                "id": "61572250255278",
                "count": 0
            },
            {
                "id": "61551202621743",
                "count": 0
            },
            {
                "id": "100071132537313",
                "count": 0
            },
            {
                "id": "100088286371303",
                "count": 0
            },
            {
                "id": "61569096448142",
                "count": 0
            },
            {
                "id": "1809148173",
                "count": 0
            },
            {
                "id": "100084787853256",
                "count": 0
            },
            {
                "id": "100086033984335",
                "count": 0
            },
            {
                "id": "61571284143128",
                "count": 0
            },
            {
                "id": "100067508386723",
                "count": 0
            },
            {
                "id": "61571035713804",
                "count": 0
            },
            {
                "id": "61567304669782",
                "count": 0
            },
            {
                "id": "100094629826721",
                "count": 0
            },
            {
                "id": "61558219527956",
                "count": 0
            },
            {
                "id": "1618411211",
                "count": 0
            },
            {
                "id": "100091659336073",
                "count": 0
            },
            {
                "id": "61557926310385",
                "count": 0
            },
            {
                "id": "1247419593",
                "count": 0
            },
            {
                "id": "100024871212620",
                "count": 0
            },
            {
                "id": "61573179532897",
                "count": 0
            },
            {
                "id": "61576847171850",
                "count": 0
            },
            {
                "id": "61563763283847",
                "count": 0
            },
            {
                "id": "100061172506707",
                "count": 0
            },
            {
                "id": "1831058374",
                "count": 0
            },
            {
                "id": "100015708247902",
                "count": 0
            },
            {
                "id": "668627454",
                "count": 0
            },
            {
                "id": "651647356",
                "count": 0
            },
            {
                "id": "61577101080886",
                "count": 0
            },
            {
                "id": "100009744612822",
                "count": 0
            },
            {
                "id": "100055005337955",
                "count": 0
            },
            {
                "id": "100050305603483",
                "count": 0
            },
            {
                "id": "61572938072676",
                "count": 0
            },
            {
                "id": "100057016878182",
                "count": 0
            },
            {
                "id": "100038050414530",
                "count": 0
            },
            {
                "id": "61577270136203",
                "count": 0
            },
            {
                "id": "100016757713599",
                "count": 0
            },
            {
                "id": "61560299746623",
                "count": 0
            },
            {
                "id": "61571034749374",
                "count": 0
            },
            {
                "id": "61573986054035",
                "count": 0
            },
            {
                "id": "100046456190161",
                "count": 0
            },
            {
                "id": "61575999835460",
                "count": 0
            },
            {
                "id": "61575034471403",
                "count": 0
            },
            {
                "id": "61577342549582",
                "count": 0
            },
            {
                "id": "61572981691605",
                "count": 0
            },
            {
                "id": "100038946913086",
                "count": 0
            },
            {
                "id": "61577237682252",
                "count": 0
            },
            {
                "id": "100087753891879",
                "count": 0
            },
            {
                "id": "100034255932020",
                "count": 0
            },
            {
                "id": "61575203132001",
                "count": 0
            },
            {
                "id": "100060523696552",
                "count": 0
            },
            {
                "id": "61563906764722",
                "count": 0
            },
            {
                "id": "61577597250463",
                "count": 0
            }
        ],
        "week": [
            {
                "id": "509484270",
                "count": 0
            },
            {
                "id": "100061160525111",
                "count": 0
            },
            {
                "id": "100004854283037",
                "count": 0
            },
            {
                "id": "100082897621667",
                "count": 0
            },
            {
                "id": "100063600331393",
                "count": 0
            },
            {
                "id": "100092474333705",
                "count": 0
            },
            {
                "id": "100091738788586",
                "count": 0
            },
            {
                "id": "61572135665820",
                "count": 0
            },
            {
                "id": "61557452279525",
                "count": 0
            },
            {
                "id": "100088241739223",
                "count": 0
            },
            {
                "id": "100000264111892",
                "count": 0
            },
            {
                "id": "1429451704",
                "count": 0
            },
            {
                "id": "100024487176902",
                "count": 0
            },
            {
                "id": "61552776494105",
                "count": 0
            },
            {
                "id": "100075046016427",
                "count": 0
            },
            {
                "id": "100072191102822",
                "count": 0
            },
            {
                "id": "100079132493558",
                "count": 0
            },
            {
                "id": "100081680783009",
                "count": 0
            },
            {
                "id": "100052642507538",
                "count": 0
            },
            {
                "id": "100040761302134",
                "count": 0
            },
            {
                "id": "100069864945865",
                "count": 0
            },
            {
                "id": "100075342186524",
                "count": 0
            },
            {
                "id": "100079577807941",
                "count": 0
            },
            {
                "id": "61576380160547",
                "count": 0
            },
            {
                "id": "61574544987224",
                "count": 0
            },
            {
                "id": "100035421814099",
                "count": 0
            },
            {
                "id": "100048286966787",
                "count": 0
            },
            {
                "id": "502275138",
                "count": 0
            },
            {
                "id": "1270787329",
                "count": 0
            },
            {
                "id": "100067827494573",
                "count": 0
            },
            {
                "id": "61573025903295",
                "count": 0
            },
            {
                "id": "100000493975005",
                "count": 0
            },
            {
                "id": "61550528673840",
                "count": 0
            },
            {
                "id": "61575877653697",
                "count": 0
            },
            {
                "id": "61568443432899",
                "count": 0
            },
            {
                "id": "61571492513069",
                "count": 0
            },
            {
                "id": "100055646286887",
                "count": 0
            },
            {
                "id": "100093434798663",
                "count": 0
            },
            {
                "id": "100051439970359",
                "count": 0
            },
            {
                "id": "100002896167413",
                "count": 0
            },
            {
                "id": "100080280230629",
                "count": 0
            },
            {
                "id": "100048033791608",
                "count": 0
            },
            {
                "id": "61556821182282",
                "count": 0
            },
            {
                "id": "61555015060828",
                "count": 0
            },
            {
                "id": "100082605747368",
                "count": 0
            },
            {
                "id": "100056204041775",
                "count": 0
            },
            {
                "id": "61555831794379",
                "count": 0
            },
            {
                "id": "61572250255278",
                "count": 0
            },
            {
                "id": "61551202621743",
                "count": 0
            },
            {
                "id": "100071132537313",
                "count": 0
            },
            {
                "id": "100088286371303",
                "count": 0
            },
            {
                "id": "61569096448142",
                "count": 0
            },
            {
                "id": "1809148173",
                "count": 0
            },
            {
                "id": "100084787853256",
                "count": 0
            },
            {
                "id": "100086033984335",
                "count": 0
            },
            {
                "id": "61571284143128",
                "count": 0
            },
            {
                "id": "100067508386723",
                "count": 0
            },
            {
                "id": "61571035713804",
                "count": 0
            },
            {
                "id": "61567304669782",
                "count": 0
            },
            {
                "id": "100094629826721",
                "count": 0
            },
            {
                "id": "61558219527956",
                "count": 0
            },
            {
                "id": "1618411211",
                "count": 0
            },
            {
                "id": "100091659336073",
                "count": 0
            },
            {
                "id": "61557926310385",
                "count": 0
            },
            {
                "id": "1247419593",
                "count": 0
            },
            {
                "id": "100024871212620",
                "count": 0
            },
            {
                "id": "61573179532897",
                "count": 0
            },
            {
                "id": "61576847171850",
                "count": 0
            },
            {
                "id": "61563763283847",
                "count": 0
            },
            {
                "id": "100061172506707",
                "count": 0
            },
            {
                "id": "1831058374",
                "count": 0
            },
            {
                "id": "100015708247902",
                "count": 0
            },
            {
                "id": "668627454",
                "count": 0
            },
            {
                "id": "651647356",
                "count": 0
            },
            {
                "id": "61577101080886",
                "count": 0
            },
            {
                "id": "100009744612822",
                "count": 0
            },
            {
                "id": "100055005337955",
                "count": 0
            },
            {
                "id": "100050305603483",
                "count": 0
            },
            {
                "id": "61572938072676",
                "count": 0
            },
            {
                "id": "100057016878182",
                "count": 0
            },
            {
                "id": "100038050414530",
                "count": 0
            },
            {
                "id": "61577270136203",
                "count": 0
            },
            {
                "id": "100016757713599",
                "count": 0
            },
            {
                "id": "61560299746623",
                "count": 0
            },
            {
                "id": "61571034749374",
                "count": 0
            },
            {
                "id": "61573986054035",
                "count": 0
            },
            {
                "id": "100046456190161",
                "count": 0
            },
            {
                "id": "61575999835460",
                "count": 0
            },
            {
                "id": "61575034471403",
                "count": 0
            },
            {
                "id": "61577342549582",
                "count": 0
            },
            {
                "id": "61572981691605",
                "count": 0
            },
            {
                "id": "100038946913086",
                "count": 0
            },
            {
                "id": "61577237682252",
                "count": 0
            },
            {
                "id": "100087753891879",
                "count": 0
            },
            {
                "id": "100034255932020",
                "count": 0
            },
            {
                "id": "61575203132001",
                "count": 0
            },
            {
                "id": "100060523696552",
                "count": 0
            },
            {
                "id": "61563906764722",
                "count": 0
            },
            {
                "id": "61577597250463",
                "count": 0
            }
        ]
    }
}