{
    "total": [
        {
            "id": "100075185498345",
            "count": 0
        },
        {
            "id": "61561717914919",
            "count": 0
        },
        {
            "id": "61562138917398",
            "count": 0
        },
        {
            "id": "100082234173132",
            "count": 0
        },
        {
            "id": "61558644183752",
            "count": 0
        },
        {
            "id": "100095270692679",
            "count": 0
        },
        {
            "id": "61560635262693",
            "count": 0
        },
        {
            "id": "61562035997606",
            "count": 0
        },
        {
            "id": "61562014484967",
            "count": 0
        },
        {
            "id": "61563038039431",
            "count": 0
        },
        {
            "id": "61561840845811",
            "count": 0
        },
        {
            "id": "61562870807559",
            "count": 0
        },
        {
            "id": "61563748092203",
            "count": 0
        },
        {
            "id": "61562955722928",
            "count": 0
        },
        {
            "id": "61563906764722",
            "count": 0
        },
        {
            "id": "61564391909371",
            "count": 0
        },
        {
            "id": "61556247580107",
            "count": 0
        },
        {
            "id": "61573742503583",
            "count": 0
        },
        {
            "id": "100051451965796",
            "count": 0
        },
        {
            "id": "61567304669782",
            "count": 0
        },
        {
            "id": "100074791712285",
            "count": 1
        },
        {
            "id": "100031614605125",
            "count": 0
        },
        {
            "id": "61561152974838",
            "count": 0
        },
        {
            "id": "100090168070553",
            "count": 0
        },
        {
            "id": "61575034471403",
            "count": 0
        },
        {
            "id": "100002896167413",
            "count": 0
        },
        {
            "id": "1618411211",
            "count": 0
        },
        {
            "id": "100086033984335",
            "count": 4
        },
        {
            "id": "61571034749374",
            "count": 0
        }
    ],
    "week": [
        {
            "id": "100075185498345",
            "count": 0,
            "name": " Nguyễn Đức Hậu 💤 🐼"
        },
        {
            "id": "61561717914919",
            "count": 0,
            "name": "Facebook user"
        },
        {
            "id": "61562138917398",
            "count": 0,
            "name": "Facebook user"
        },
        {
            "id": "100082234173132",
            "count": 0,
            "name": "Thanh Nguyên"
        },
        {
            "id": "61558644183752",
            "count": 0,
            "name": "Nguyễn Phương"
        },
        {
            "id": "100095270692679",
            "count": 0,
            "name": "Facebook user"
        },
        {
            "id": "61560635262693",
            "count": 0,
            "name": "Facebook user"
        },
        {
            "id": "61562035997606",
            "count": 0,
            "name": "Facebook user"
        },
        {
            "id": "61562014484967",
            "count": 0,
            "name": "Facebook user"
        },
        {
            "id": "61563038039431",
            "count": 0,
            "name": "Facebook user"
        },
        {
            "id": "61561840845811",
            "count": 0,
            "name": "Facebook user"
        },
        {
            "id": "61562870807559",
            "count": 0,
            "name": "Facebook user"
        },
        {
            "id": "61563748092203",
            "count": 0,
            "name": "Facebook user"
        },
        {
            "id": "61562955722928",
            "count": 0,
            "name": "Facebook user"
        },
        {
            "id": "61563906764722",
            "count": 0,
            "name": "Bot Curumi"
        },
        {
            "id": "61564391909371",
            "count": 0,
            "name": "Facebook user"
        },
        {
            "id": "61556247580107",
            "count": 0,
            "name": "Hắc Bạch Vô Thường"
        },
        {
            "id": "61573742503583",
            "count": 0,
            "name": "Facebook user"
        },
        {
            "id": "100051451965796",
            "count": 0,
            "name": "Nguyen Hoang Hiep 🧸❤️‍🩹"
        },
        {
            "id": "61567304669782",
            "count": 0,
            "name": "Facebook user"
        },
        {
            "id": "100074791712285",
            "count": 0,
            "name": "Đào Duy Hưng"
        },
        {
            "id": "100031614605125",
            "count": 0,
            "name": "Hoang Phat"
        },
        {
            "id": "61561152974838",
            "count": 0,
            "name": "Hau Duc"
        },
        {
            "id": "100090168070553",
            "count": 0,
            "name": "Tii Enn Tii"
        },
        {
            "id": "61575034471403",
            "count": 0,
            "name": "👑  Ng Huy  🐙🧸💤"
        },
        {
            "id": "100002896167413",
            "count": 0,
            "name": "Nguyen Duc Toan 🧸💝"
        },
        {
            "id": "1618411211",
            "count": 0,
            "name": "Nguyen Duc Toan"
        },
        {
            "id": "100086033984335",
            "count": 0,
            "name": "Bat Cu Ti 🐾 🐙"
        },
        {
            "id": "61571034749374",
            "count": 0,
            "name": "anh tuan 🐾 🐸"
        }
    ],
    "day": [
        {
            "id": "100075185498345",
            "count": 0,
            "name": " Nguyễn Đức Hậu 💤 🐼"
        },
        {
            "id": "61561717914919",
            "count": 0,
            "name": "Facebook user"
        },
        {
            "id": "61562138917398",
            "count": 0,
            "name": "Facebook user"
        },
        {
            "id": "100082234173132",
            "count": 0,
            "name": "Thanh Nguyên"
        },
        {
            "id": "61558644183752",
            "count": 0,
            "name": "Nguyễn Phương"
        },
        {
            "id": "100095270692679",
            "count": 0,
            "name": "Facebook user"
        },
        {
            "id": "61560635262693",
            "count": 0,
            "name": "Facebook user"
        },
        {
            "id": "61562035997606",
            "count": 0,
            "name": "Facebook user"
        },
        {
            "id": "61562014484967",
            "count": 0,
            "name": "Facebook user"
        },
        {
            "id": "61563038039431",
            "count": 0,
            "name": "Facebook user"
        },
        {
            "id": "61561840845811",
            "count": 0,
            "name": "Facebook user"
        },
        {
            "id": "61562870807559",
            "count": 0,
            "name": "Facebook user"
        },
        {
            "id": "61563748092203",
            "count": 0,
            "name": "Facebook user"
        },
        {
            "id": "61562955722928",
            "count": 0,
            "name": "Facebook user"
        },
        {
            "id": "61563906764722",
            "count": 0,
            "name": "Bot Curumi"
        },
        {
            "id": "61564391909371",
            "count": 0,
            "name": "Facebook user"
        },
        {
            "id": "61556247580107",
            "count": 0,
            "name": "Hắc Bạch Vô Thường"
        },
        {
            "id": "61573742503583",
            "count": 0,
            "name": "Facebook user"
        },
        {
            "id": "100051451965796",
            "count": 0,
            "name": "Nguyen Hoang Hiep 🧸❤️‍🩹"
        },
        {
            "id": "61567304669782",
            "count": 0,
            "name": "Facebook user"
        },
        {
            "id": "100074791712285",
            "count": 0,
            "name": "Đào Duy Hưng"
        },
        {
            "id": "100031614605125",
            "count": 0,
            "name": "Hoang Phat"
        },
        {
            "id": "61561152974838",
            "count": 0,
            "name": "Hau Duc"
        },
        {
            "id": "100090168070553",
            "count": 0,
            "name": "Tii Enn Tii"
        },
        {
            "id": "61575034471403",
            "count": 0,
            "name": "👑  Ng Huy  🐙🧸💤"
        },
        {
            "id": "100002896167413",
            "count": 0,
            "name": "Nguyen Duc Toan 🧸💝"
        },
        {
            "id": "1618411211",
            "count": 0,
            "name": "Nguyen Duc Toan"
        },
        {
            "id": "100086033984335",
            "count": 0,
            "name": "Bat Cu Ti 🐾 🐙"
        },
        {
            "id": "61571034749374",
            "count": 0,
            "name": "anh tuan 🐾 🐸"
        }
    ],
    "time": 1,
    "last": {
        "time": 5,
        "day": [
            {
                "id": "100075185498345",
                "count": 0
            },
            {
                "id": "61561717914919",
                "count": 0
            },
            {
                "id": "61562138917398",
                "count": 0
            },
            {
                "id": "100082234173132",
                "count": 0
            },
            {
                "id": "61558644183752",
                "count": 0
            },
            {
                "id": "100095270692679",
                "count": 0
            },
            {
                "id": "61560635262693",
                "count": 0
            },
            {
                "id": "61562035997606",
                "count": 0
            },
            {
                "id": "61562014484967",
                "count": 0
            },
            {
                "id": "61563038039431",
                "count": 0
            },
            {
                "id": "61561840845811",
                "count": 0
            },
            {
                "id": "61562870807559",
                "count": 0
            },
            {
                "id": "61563748092203",
                "count": 0
            },
            {
                "id": "61562955722928",
                "count": 0
            },
            {
                "id": "61563906764722",
                "count": 0
            },
            {
                "id": "61564391909371",
                "count": 0
            },
            {
                "id": "61556247580107",
                "count": 0
            },
            {
                "id": "61573742503583",
                "count": 0
            },
            {
                "id": "100051451965796",
                "count": 0
            },
            {
                "id": "61567304669782",
                "count": 0
            },
            {
                "id": "100074791712285",
                "count": 0
            },
            {
                "id": "100031614605125",
                "count": 0
            },
            {
                "id": "61561152974838",
                "count": 0
            },
            {
                "id": "100090168070553",
                "count": 0
            },
            {
                "id": "61575034471403",
                "count": 0
            },
            {
                "id": "100002896167413",
                "count": 0
            },
            {
                "id": "1618411211",
                "count": 0
            },
            {
                "id": "100086033984335",
                "count": 0
            },
            {
                "id": "61571034749374",
                "count": 0
            }
        ],
        "week": [
            {
                "id": "100075185498345",
                "count": 0
            },
            {
                "id": "61561717914919",
                "count": 0
            },
            {
                "id": "61562138917398",
                "count": 0
            },
            {
                "id": "100082234173132",
                "count": 0
            },
            {
                "id": "61558644183752",
                "count": 0
            },
            {
                "id": "100095270692679",
                "count": 0
            },
            {
                "id": "61560635262693",
                "count": 0
            },
            {
                "id": "61562035997606",
                "count": 0
            },
            {
                "id": "61562014484967",
                "count": 0
            },
            {
                "id": "61563038039431",
                "count": 0
            },
            {
                "id": "61561840845811",
                "count": 0
            },
            {
                "id": "61562870807559",
                "count": 0
            },
            {
                "id": "61563748092203",
                "count": 0
            },
            {
                "id": "61562955722928",
                "count": 0
            },
            {
                "id": "61563906764722",
                "count": 0
            },
            {
                "id": "61564391909371",
                "count": 0
            },
            {
                "id": "61556247580107",
                "count": 0
            },
            {
                "id": "61573742503583",
                "count": 0
            },
            {
                "id": "100051451965796",
                "count": 0
            },
            {
                "id": "61567304669782",
                "count": 0
            },
            {
                "id": "100074791712285",
                "count": 0
            },
            {
                "id": "100031614605125",
                "count": 0
            },
            {
                "id": "61561152974838",
                "count": 0
            },
            {
                "id": "100090168070553",
                "count": 0
            },
            {
                "id": "61575034471403",
                "count": 0
            },
            {
                "id": "100002896167413",
                "count": 0
            },
            {
                "id": "1618411211",
                "count": 0
            },
            {
                "id": "100086033984335",
                "count": 0
            },
            {
                "id": "61571034749374",
                "count": 0
            }
        ]
    }
}