{
    "total": [
        {
            "id": "61553693765098",
            "count": 0
        },
        {
            "id": "100074478588534",
            "count": 0
        },
        {
            "id": "61550268891944",
            "count": 0
        },
        {
            "id": "100072158266181",
            "count": 0
        },
        {
            "id": "100083153124672",
            "count": 0
        },
        {
            "id": "61571819521883",
            "count": 0
        },
        {
            "id": "100057222744158",
            "count": 0
        },
        {
            "id": "100089788752326",
            "count": 0
        },
        {
            "id": "61557564113162",
            "count": 0
        },
        {
            "id": "100051458845173",
            "count": 1
        },
        {
            "id": "100083696198265",
            "count": 0
        },
        {
            "id": "100064189479266",
            "count": 0
        },
        {
            "id": "100063577909865",
            "count": 0
        },
        {
            "id": "100053001679462",
            "count": 1
        },
        {
            "id": "100074631341763",
            "count": 1
        },
        {
            "id": "100066249936519",
            "count": 0
        },
        {
            "id": "100068654877002",
            "count": 0
        },
        {
            "id": "100086033984335",
            "count": 8
        },
        {
            "id": "61576606696030",
            "count": 0
        },
        {
            "id": "61560299746623",
            "count": 0
        },
        {
            "id": "100087962894125",
            "count": 0
        },
        {
            "id": "100085848161230",
            "count": 0
        },
        {
            "id": "61553118287772",
            "count": 0
        },
        {
            "id": "61555830476405",
            "count": 0
        },
        {
            "id": "100094587188481",
            "count": 0
        },
        {
            "id": "100087816976379",
            "count": 0
        },
        {
            "id": "100042125479518",
            "count": 0
        },
        {
            "id": "100091255445648",
            "count": 0
        },
        {
            "id": "100069461232832",
            "count": 0
        },
        {
            "id": "100026423383249",
            "count": 0
        },
        {
            "id": "61558035303049",
            "count": 0
        },
        {
            "id": "100067839414779",
            "count": 0
        },
        {
            "id": "100041077553973",
            "count": 0
        },
        {
            "id": "61576664972597",
            "count": 0
        },
        {
            "id": "100082897621667",
            "count": 0
        },
        {
            "id": "100069869822111",
            "count": 0
        },
        {
            "id": "61557710771616",
            "count": 0
        },
        {
            "id": "61564314835915",
            "count": 0
        },
        {
            "id": "100069531715711",
            "count": 0
        },
        {
            "id": "100084843855944",
            "count": 2
        },
        {
            "id": "100048286966787",
            "count": 0
        },
        {
            "id": "61552525514203",
            "count": 0
        },
        {
            "id": "61571034749374",
            "count": 0
        },
        {
            "id": "100072451285668",
            "count": 0
        },
        {
            "id": "61557389792782",
            "count": 0
        },
        {
            "id": "61577597250463",
            "count": 6
        },
        {
            "id": "61563906764722",
            "count": 0
        }
    ],
    "week": [
        {
            "id": "61553693765098",
            "count": 0,
            "name": "Ng Hoàng Bảo Nhi"
        },
        {
            "id": "100074478588534",
            "count": 0,
            "name": "Minh Dusk"
        },
        {
            "id": "61550268891944",
            "count": 0,
            "name": "yen nhi 🪐"
        },
        {
            "id": "100072158266181",
            "count": 0,
            "name": "Gia Minh"
        },
        {
            "id": "100083153124672",
            "count": 0,
            "name": "Thu Hienn"
        },
        {
            "id": "61571819521883",
            "count": 0,
            "name": "Kim Nhi"
        },
        {
            "id": "100057222744158",
            "count": 0,
            "name": "Đỗ Nam"
        },
        {
            "id": "100089788752326",
            "count": 0,
            "name": "Nguyễn Hoài"
        },
        {
            "id": "61557564113162",
            "count": 0,
            "name": "Hoang Anh Chu"
        },
        {
            "id": "100051458845173",
            "count": 0,
            "name": "Tuấn Gupo"
        },
        {
            "id": "100083696198265",
            "count": 0,
            "name": "Hiền Đỗ"
        },
        {
            "id": "100064189479266",
            "count": 0,
            "name": "Thương Ngáo"
        },
        {
            "id": "100063577909865",
            "count": 0,
            "name": "NgMinh Vượng"
        },
        {
            "id": "100053001679462",
            "count": 0,
            "name": "Phương Phương"
        },
        {
            "id": "100074631341763",
            "count": 0,
            "name": "Hoàng Huyy"
        },
        {
            "id": "100066249936519",
            "count": 0,
            "name": "Van An"
        },
        {
            "id": "100068654877002",
            "count": 0,
            "name": "An Khánh"
        },
        {
            "id": "100086033984335",
            "count": 0,
            "name": "Bat Cu Ti 🐾 🐙"
        },
        {
            "id": "61576606696030",
            "count": 0,
            "name": "Mẫn Nhi"
        },
        {
            "id": "61560299746623",
            "count": 0,
            "name": "ۦۦ ۦۦ"
        },
        {
            "id": "100087962894125",
            "count": 0,
            "name": "Thùy Trangg"
        },
        {
            "id": "100085848161230",
            "count": 0,
            "name": "Công Thành"
        },
        {
            "id": "61553118287772",
            "count": 0,
            "name": "Thuý Hiền"
        },
        {
            "id": "61555830476405",
            "count": 0,
            "name": "Thảo Vy"
        },
        {
            "id": "100094587188481",
            "count": 0,
            "name": "Trần Thanh Như"
        },
        {
            "id": "100087816976379",
            "count": 0,
            "name": "Lee Quỳnh"
        },
        {
            "id": "100042125479518",
            "count": 0,
            "name": "Quoc Nhut"
        },
        {
            "id": "100091255445648",
            "count": 0,
            "name": "Haa Anh"
        },
        {
            "id": "100069461232832",
            "count": 0,
            "name": "Tấn Vũ 🦅"
        },
        {
            "id": "100026423383249",
            "count": 0,
            "name": "Thuận Nguyễn"
        },
        {
            "id": "61558035303049",
            "count": 0,
            "name": "Lê Thi"
        },
        {
            "id": "100067839414779",
            "count": 0,
            "name": "Hoàng Tử Đá"
        },
        {
            "id": "100041077553973",
            "count": 0,
            "name": "Thuu Trangg"
        },
        {
            "id": "61576664972597",
            "count": 0,
            "name": "Kieu Duy Ank"
        },
        {
            "id": "100082897621667",
            "count": 0,
            "name": "Nguyễn Trương Khang"
        },
        {
            "id": "100069869822111",
            "count": 0,
            "name": "Nguyễn Ngọc Lan Anh"
        },
        {
            "id": "61557710771616",
            "count": 0,
            "name": "Thủy Tiên"
        },
        {
            "id": "61564314835915",
            "count": 0,
            "name": "Khaa Yenn"
        },
        {
            "id": "100069531715711",
            "count": 0,
            "name": "Thanh Hằng"
        },
        {
            "id": "100084843855944",
            "count": 0,
            "name": "Dương Khánh"
        },
        {
            "id": "100048286966787",
            "count": 0,
            "name": "Ng Van Chien 🧸 💤"
        },
        {
            "id": "61552525514203",
            "count": 0,
            "name": "Van Anh"
        },
        {
            "id": "61571034749374",
            "count": 0,
            "name": "anh tuan 🐾 🐸"
        },
        {
            "id": "100072451285668",
            "count": 0,
            "name": "Ng Văn Chiến"
        },
        {
            "id": "61557389792782",
            "count": 0,
            "name": "Tuan Anh"
        },
        {
            "id": "61577597250463",
            "count": 0,
            "name": "Bot Curumi"
        },
        {
            "id": "61563906764722",
            "count": 0,
            "name": "Bot Curumi"
        }
    ],
    "day": [
        {
            "id": "61553693765098",
            "count": 0,
            "name": "Ng Hoàng Bảo Nhi"
        },
        {
            "id": "100074478588534",
            "count": 0,
            "name": "Minh Dusk"
        },
        {
            "id": "61550268891944",
            "count": 0,
            "name": "yen nhi 🪐"
        },
        {
            "id": "100072158266181",
            "count": 0,
            "name": "Gia Minh"
        },
        {
            "id": "100083153124672",
            "count": 0,
            "name": "Thu Hienn"
        },
        {
            "id": "61571819521883",
            "count": 0,
            "name": "Kim Nhi"
        },
        {
            "id": "100057222744158",
            "count": 0,
            "name": "Đỗ Nam"
        },
        {
            "id": "100089788752326",
            "count": 0,
            "name": "Nguyễn Hoài"
        },
        {
            "id": "61557564113162",
            "count": 0,
            "name": "Hoang Anh Chu"
        },
        {
            "id": "100051458845173",
            "count": 0,
            "name": "Tuấn Gupo"
        },
        {
            "id": "100083696198265",
            "count": 0,
            "name": "Hiền Đỗ"
        },
        {
            "id": "100064189479266",
            "count": 0,
            "name": "Thương Ngáo"
        },
        {
            "id": "100063577909865",
            "count": 0,
            "name": "NgMinh Vượng"
        },
        {
            "id": "100053001679462",
            "count": 0,
            "name": "Phương Phương"
        },
        {
            "id": "100074631341763",
            "count": 0,
            "name": "Hoàng Huyy"
        },
        {
            "id": "100066249936519",
            "count": 0,
            "name": "Van An"
        },
        {
            "id": "100068654877002",
            "count": 0,
            "name": "An Khánh"
        },
        {
            "id": "100086033984335",
            "count": 0,
            "name": "Bat Cu Ti 🐾 🐙"
        },
        {
            "id": "61576606696030",
            "count": 0,
            "name": "Mẫn Nhi"
        },
        {
            "id": "61560299746623",
            "count": 0,
            "name": "ۦۦ ۦۦ"
        },
        {
            "id": "100087962894125",
            "count": 0,
            "name": "Thùy Trangg"
        },
        {
            "id": "100085848161230",
            "count": 0,
            "name": "Công Thành"
        },
        {
            "id": "61553118287772",
            "count": 0,
            "name": "Thuý Hiền"
        },
        {
            "id": "61555830476405",
            "count": 0,
            "name": "Thảo Vy"
        },
        {
            "id": "100094587188481",
            "count": 0,
            "name": "Trần Thanh Như"
        },
        {
            "id": "100087816976379",
            "count": 0,
            "name": "Lee Quỳnh"
        },
        {
            "id": "100042125479518",
            "count": 0,
            "name": "Quoc Nhut"
        },
        {
            "id": "100091255445648",
            "count": 0,
            "name": "Haa Anh"
        },
        {
            "id": "100069461232832",
            "count": 0,
            "name": "Tấn Vũ 🦅"
        },
        {
            "id": "100026423383249",
            "count": 0,
            "name": "Thuận Nguyễn"
        },
        {
            "id": "61558035303049",
            "count": 0,
            "name": "Lê Thi"
        },
        {
            "id": "100067839414779",
            "count": 0,
            "name": "Hoàng Tử Đá"
        },
        {
            "id": "100041077553973",
            "count": 0,
            "name": "Thuu Trangg"
        },
        {
            "id": "61576664972597",
            "count": 0,
            "name": "Kieu Duy Ank"
        },
        {
            "id": "100082897621667",
            "count": 0,
            "name": "Nguyễn Trương Khang"
        },
        {
            "id": "100069869822111",
            "count": 0,
            "name": "Nguyễn Ngọc Lan Anh"
        },
        {
            "id": "61557710771616",
            "count": 0,
            "name": "Thủy Tiên"
        },
        {
            "id": "61564314835915",
            "count": 0,
            "name": "Khaa Yenn"
        },
        {
            "id": "100069531715711",
            "count": 0,
            "name": "Thanh Hằng"
        },
        {
            "id": "100084843855944",
            "count": 0,
            "name": "Dương Khánh"
        },
        {
            "id": "100048286966787",
            "count": 0,
            "name": "Ng Van Chien 🧸 💤"
        },
        {
            "id": "61552525514203",
            "count": 0,
            "name": "Van Anh"
        },
        {
            "id": "61571034749374",
            "count": 0,
            "name": "anh tuan 🐾 🐸"
        },
        {
            "id": "100072451285668",
            "count": 0,
            "name": "Ng Văn Chiến"
        },
        {
            "id": "61557389792782",
            "count": 0,
            "name": "Tuan Anh"
        },
        {
            "id": "61577597250463",
            "count": 0,
            "name": "Bot Curumi"
        },
        {
            "id": "61563906764722",
            "count": 0,
            "name": "Bot Curumi"
        }
    ],
    "time": 1,
    "last": {
        "time": 5,
        "day": [
            {
                "id": "61553693765098",
                "count": 0
            },
            {
                "id": "100074478588534",
                "count": 0
            },
            {
                "id": "61550268891944",
                "count": 0
            },
            {
                "id": "100072158266181",
                "count": 0
            },
            {
                "id": "100083153124672",
                "count": 0
            },
            {
                "id": "61571819521883",
                "count": 0
            },
            {
                "id": "100057222744158",
                "count": 0
            },
            {
                "id": "100089788752326",
                "count": 0
            },
            {
                "id": "61557564113162",
                "count": 0
            },
            {
                "id": "100051458845173",
                "count": 0
            },
            {
                "id": "100083696198265",
                "count": 0
            },
            {
                "id": "100064189479266",
                "count": 0
            },
            {
                "id": "100063577909865",
                "count": 0
            },
            {
                "id": "100053001679462",
                "count": 0
            },
            {
                "id": "100074631341763",
                "count": 0
            },
            {
                "id": "100066249936519",
                "count": 0
            },
            {
                "id": "100068654877002",
                "count": 0
            },
            {
                "id": "100086033984335",
                "count": 0
            },
            {
                "id": "61576606696030",
                "count": 0
            },
            {
                "id": "61560299746623",
                "count": 0
            },
            {
                "id": "100087962894125",
                "count": 0
            },
            {
                "id": "100085848161230",
                "count": 0
            },
            {
                "id": "61553118287772",
                "count": 0
            },
            {
                "id": "61555830476405",
                "count": 0
            },
            {
                "id": "100094587188481",
                "count": 0
            },
            {
                "id": "100087816976379",
                "count": 0
            },
            {
                "id": "100042125479518",
                "count": 0
            },
            {
                "id": "100091255445648",
                "count": 0
            },
            {
                "id": "100069461232832",
                "count": 0
            },
            {
                "id": "100026423383249",
                "count": 0
            },
            {
                "id": "61558035303049",
                "count": 0
            },
            {
                "id": "100067839414779",
                "count": 0
            },
            {
                "id": "100041077553973",
                "count": 0
            },
            {
                "id": "61576664972597",
                "count": 0
            },
            {
                "id": "100082897621667",
                "count": 0
            },
            {
                "id": "100069869822111",
                "count": 0
            },
            {
                "id": "61557710771616",
                "count": 0
            },
            {
                "id": "61564314835915",
                "count": 0
            },
            {
                "id": "100069531715711",
                "count": 0
            },
            {
                "id": "100084843855944",
                "count": 0
            },
            {
                "id": "100048286966787",
                "count": 0
            },
            {
                "id": "61552525514203",
                "count": 0
            },
            {
                "id": "61571034749374",
                "count": 0
            },
            {
                "id": "100072451285668",
                "count": 0
            },
            {
                "id": "61557389792782",
                "count": 0
            },
            {
                "id": "61577597250463",
                "count": 0
            },
            {
                "id": "61563906764722",
                "count": 0
            }
        ],
        "week": [
            {
                "id": "61553693765098",
                "count": 0
            },
            {
                "id": "100074478588534",
                "count": 0
            },
            {
                "id": "61550268891944",
                "count": 0
            },
            {
                "id": "100072158266181",
                "count": 0
            },
            {
                "id": "100083153124672",
                "count": 0
            },
            {
                "id": "61571819521883",
                "count": 0
            },
            {
                "id": "100057222744158",
                "count": 0
            },
            {
                "id": "100089788752326",
                "count": 0
            },
            {
                "id": "61557564113162",
                "count": 0
            },
            {
                "id": "100051458845173",
                "count": 0
            },
            {
                "id": "100083696198265",
                "count": 0
            },
            {
                "id": "100064189479266",
                "count": 0
            },
            {
                "id": "100063577909865",
                "count": 0
            },
            {
                "id": "100053001679462",
                "count": 0
            },
            {
                "id": "100074631341763",
                "count": 0
            },
            {
                "id": "100066249936519",
                "count": 0
            },
            {
                "id": "100068654877002",
                "count": 0
            },
            {
                "id": "100086033984335",
                "count": 0
            },
            {
                "id": "61576606696030",
                "count": 0
            },
            {
                "id": "61560299746623",
                "count": 0
            },
            {
                "id": "100087962894125",
                "count": 0
            },
            {
                "id": "100085848161230",
                "count": 0
            },
            {
                "id": "61553118287772",
                "count": 0
            },
            {
                "id": "61555830476405",
                "count": 0
            },
            {
                "id": "100094587188481",
                "count": 0
            },
            {
                "id": "100087816976379",
                "count": 0
            },
            {
                "id": "100042125479518",
                "count": 0
            },
            {
                "id": "100091255445648",
                "count": 0
            },
            {
                "id": "100069461232832",
                "count": 0
            },
            {
                "id": "100026423383249",
                "count": 0
            },
            {
                "id": "61558035303049",
                "count": 0
            },
            {
                "id": "100067839414779",
                "count": 0
            },
            {
                "id": "100041077553973",
                "count": 0
            },
            {
                "id": "61576664972597",
                "count": 0
            },
            {
                "id": "100082897621667",
                "count": 0
            },
            {
                "id": "100069869822111",
                "count": 0
            },
            {
                "id": "61557710771616",
                "count": 0
            },
            {
                "id": "61564314835915",
                "count": 0
            },
            {
                "id": "100069531715711",
                "count": 0
            },
            {
                "id": "100084843855944",
                "count": 0
            },
            {
                "id": "100048286966787",
                "count": 0
            },
            {
                "id": "61552525514203",
                "count": 0
            },
            {
                "id": "61571034749374",
                "count": 0
            },
            {
                "id": "100072451285668",
                "count": 0
            },
            {
                "id": "61557389792782",
                "count": 0
            },
            {
                "id": "61577597250463",
                "count": 0
            },
            {
                "id": "61563906764722",
                "count": 0
            }
        ]
    }
}