{
    "total": [
        {
            "id": "100086033984335",
            "count": 0
        },
        {
            "id": "61574949961881",
            "count": 0
        },
        {
            "id": "1797773850",
            "count": 0
        },
        {
            "id": "100000844920097",
            "count": 0
        },
        {
            "id": "100093852656737",
            "count": 0
        },
        {
            "id": "61576606696030",
            "count": 0
        },
        {
            "id": "61551202621743",
            "count": 0
        },
        {
            "id": "100048286966787",
            "count": 0
        },
        {
            "id": "61571034749374",
            "count": 0
        },
        {
            "id": "61577597250463",
            "count": 1
        },
        {
            "id": "61563906764722",
            "count": 0
        },
        {
            "id": "61559447971396",
            "count": 0
        },
        {
            "id": "61558139965930",
            "count": 0
        },
        {
            "id": "61560299746623",
            "count": 0
        }
    ],
    "week": [
        {
            "id": "100086033984335",
            "count": 0,
            "name": "Bat Cu Ti 🐾 🐙"
        },
        {
            "id": "61574949961881",
            "count": 0,
            "name": "Gia Huy"
        },
        {
            "id": "1797773850",
            "count": 0,
            "name": "Ky Phan"
        },
        {
            "id": "100000844920097",
            "count": 0,
            "name": "Người dùng Facebook"
        },
        {
            "id": "100093852656737",
            "count": 0,
            "name": "Đỗ Quốc Anhヾꪜ"
        },
        {
            "id": "61576606696030",
            "count": 0,
            "name": "Mẫn Nhi"
        },
        {
            "id": "61551202621743",
            "count": 0,
            "name": "Ng Chienn Thangg 🦑💢"
        },
        {
            "id": "100048286966787",
            "count": 0,
            "name": "Ng Van Chien 🧸 💤"
        },
        {
            "id": "61571034749374",
            "count": 0,
            "name": "anh tuan 🐾 🐸"
        },
        {
            "id": "61577597250463",
            "count": 0,
            "name": "Bot Curumi"
        },
        {
            "id": "61563906764722",
            "count": 0,
            "name": "Bot Curumi"
        },
        {
            "id": "61559447971396",
            "count": 0,
            "name": "🗣️💻Hồ Đắc Di 🗣️💻"
        },
        {
            "id": "61558139965930",
            "count": 0,
            "name": "Chử Hữu Học"
        },
        {
            "id": "61560299746623",
            "count": 0,
            "name": "ۦۦ ۦۦ"
        }
    ],
    "day": [
        {
            "id": "100086033984335",
            "count": 0,
            "name": "Bat Cu Ti 🐾 🐙"
        },
        {
            "id": "61574949961881",
            "count": 0,
            "name": "Gia Huy"
        },
        {
            "id": "1797773850",
            "count": 0,
            "name": "Ky Phan"
        },
        {
            "id": "100000844920097",
            "count": 0,
            "name": "Người dùng Facebook"
        },
        {
            "id": "100093852656737",
            "count": 0,
            "name": "Đỗ Quốc Anhヾꪜ"
        },
        {
            "id": "61576606696030",
            "count": 0,
            "name": "Mẫn Nhi"
        },
        {
            "id": "61551202621743",
            "count": 0,
            "name": "Ng Chienn Thangg 🦑💢"
        },
        {
            "id": "100048286966787",
            "count": 0,
            "name": "Ng Van Chien 🧸 💤"
        },
        {
            "id": "61571034749374",
            "count": 0,
            "name": "anh tuan 🐾 🐸"
        },
        {
            "id": "61577597250463",
            "count": 0,
            "name": "Bot Curumi"
        },
        {
            "id": "61563906764722",
            "count": 0,
            "name": "Bot Curumi"
        },
        {
            "id": "61559447971396",
            "count": 0,
            "name": "🗣️💻Hồ Đắc Di 🗣️💻"
        },
        {
            "id": "61558139965930",
            "count": 0,
            "name": "Chử Hữu Học"
        },
        {
            "id": "61560299746623",
            "count": 0,
            "name": "ۦۦ ۦۦ"
        }
    ],
    "time": 1,
    "last": {
        "time": 5,
        "day": [
            {
                "id": "100086033984335",
                "count": 0
            },
            {
                "id": "61574949961881",
                "count": 0
            },
            {
                "id": "1797773850",
                "count": 0
            },
            {
                "id": "100000844920097",
                "count": 0
            },
            {
                "id": "100093852656737",
                "count": 0
            },
            {
                "id": "61576606696030",
                "count": 0
            },
            {
                "id": "61551202621743",
                "count": 0
            },
            {
                "id": "100048286966787",
                "count": 0
            },
            {
                "id": "61571034749374",
                "count": 0
            },
            {
                "id": "61577597250463",
                "count": 0
            },
            {
                "id": "61563906764722",
                "count": 0
            },
            {
                "id": "61559447971396",
                "count": 0
            },
            {
                "id": "61558139965930",
                "count": 0
            },
            {
                "id": "61560299746623",
                "count": 0
            }
        ],
        "week": [
            {
                "id": "100086033984335",
                "count": 0
            },
            {
                "id": "61574949961881",
                "count": 0
            },
            {
                "id": "1797773850",
                "count": 0
            },
            {
                "id": "100000844920097",
                "count": 0
            },
            {
                "id": "100093852656737",
                "count": 0
            },
            {
                "id": "61576606696030",
                "count": 0
            },
            {
                "id": "61551202621743",
                "count": 0
            },
            {
                "id": "100048286966787",
                "count": 0
            },
            {
                "id": "61571034749374",
                "count": 0
            },
            {
                "id": "61577597250463",
                "count": 0
            },
            {
                "id": "61563906764722",
                "count": 0
            },
            {
                "id": "61559447971396",
                "count": 0
            },
            {
                "id": "61558139965930",
                "count": 0
            },
            {
                "id": "61560299746623",
                "count": 0
            }
        ]
    }
}