{
    "total": [
        {
            "id": "100086033984335",
            "count": 13
        },
        {
            "id": "61576606696030",
            "count": 0
        },
        {
            "id": "61571034749374",
            "count": 0
        },
        {
            "id": "61563906764722",
            "count": 0
        },
        {
            "id": "61577597250463",
            "count": 4
        }
    ],
    "week": [
        {
            "id": "100086033984335",
            "count": 0,
            "name": "Bat Cu Ti 🐾 🐙"
        },
        {
            "id": "61576606696030",
            "count": 0,
            "name": "Mẫn Nhi"
        },
        {
            "id": "61571034749374",
            "count": 0,
            "name": "anh tuan 🐾 🐸"
        },
        {
            "id": "61563906764722",
            "count": 0,
            "name": "Bot Curumi"
        },
        {
            "id": "61577597250463",
            "count": 0,
            "name": "Bot Curumi"
        }
    ],
    "day": [
        {
            "id": "100086033984335",
            "count": 0,
            "name": "Bat Cu Ti 🐾 🐙"
        },
        {
            "id": "61576606696030",
            "count": 0,
            "name": "Mẫn Nhi"
        },
        {
            "id": "61571034749374",
            "count": 0,
            "name": "anh tuan 🐾 🐸"
        },
        {
            "id": "61563906764722",
            "count": 0,
            "name": "Bot Curumi"
        },
        {
            "id": "61577597250463",
            "count": 0,
            "name": "Bot Curumi"
        }
    ],
    "time": 1,
    "last": {
        "time": 5,
        "day": [
            {
                "id": "100086033984335",
                "count": 0
            },
            {
                "id": "61576606696030",
                "count": 0
            },
            {
                "id": "61571034749374",
                "count": 0
            },
            {
                "id": "61563906764722",
                "count": 0
            },
            {
                "id": "61577597250463",
                "count": 0
            }
        ],
        "week": [
            {
                "id": "100086033984335",
                "count": 0
            },
            {
                "id": "61576606696030",
                "count": 0
            },
            {
                "id": "61571034749374",
                "count": 0
            },
            {
                "id": "61563906764722",
                "count": 0
            },
            {
                "id": "61577597250463",
                "count": 0
            }
        ]
    }
}