[
    {
        "key": "satoru_470e",
        "used": true,
        "duration": 1
    },
    {
        "key": "satoru_3ae2",
        "used": true,
        "duration": 5
    },
    {
        "key": "satoru_52ae",
        "used": true,
        "duration": 1
    },
    {
        "key": "satoru_2d33",
        "used": true,
        "duration": 20
    },
    {
        "key": "satoru_06be",
        "used": true,
        "duration": 1
    },
    {
        "key": "satoru_b576",
        "used": true,
        "duration": 2
    },
    {
        "key": "satoru_f3e5",
        "used": true,
        "duration": 30
    },
    {
        "key": "satoru_32b0",
        "used": true,
        "duration": 10
    },
    {
        "key": "satoru_eb57",
        "used": true,
        "duration": 1
    },
    {
        "key": "satoru_6485",
        "used": true,
        "duration": 1
    },
    {
        "key": "satoru_07fc",
        "used": true,
        "duration": 1
    },
    {
        "key": "satoru_1135",
        "used": true,
        "duration": 10
    },
    {
        "key": "satoru_d3b1",
        "used": true,
        "duration": 2
    },
    {
        "key": "satoru_b414",
        "used": true,
        "duration": 20
    },
    {
        "key": "satoru_0648",
        "used": true,
        "duration": 30
    },
    {
        "key": "satoru_3d6e",
        "used": true,
        "duration": 30
    },
    {
        "key": "satoru_1dd6",
        "used": true,
        "duration": 30
    },
    {
        "key": "satoru_494e",
        "used": true,
        "duration": 1
    }
]