{
  "61576606696030": {
    "pet": "mèo",
    "name": "🐙",
    "hp": 80,
    "maxHp": 110,
    "level": 1,
    "coin": 150,
    "lastFed": 1749884924138,
    "bag": {
      "meat": 1
    },
    "lastDaily": 1749884938260,
    "lastPvp": 0,
    "win": 0,
    "lose": 2,
    "threadID": "9419107208126585",
    "isValidThread": true
  },
  "100041077553973": {
    "pet": null,
    "name": null,
    "hp": 0,
    "maxHp": 100,
    "level": 1,
    "coin": 200,
    "lastFed": 0,
    "bag": {},
    "lastDaily": 1749886198940,
    "lastPvp": 0,
    "win": 0,
    "lose": 0,
    "threadID": "9419107208126585",
    "isValidThread": true
  },
  "100086033984335": {
    "pet": "vua_thỏ",
    "name": "Bat 🪽",
    "hp": 760,
    "maxHp": 760,
    "level": 45,
    "coin": 150150,
    "lastFed": 1749929437328,
    "bag": {},
    "lastDaily": 1750079100465,
    "lastPvp": 1749894760125,
    "win": 1,
    "lose": 0,
    "threadID": "9419107208126585",
    "isValidThread": true
  },
  "100074631341763": {
    "pet": null,
    "name": null,
    "hp": 0,
    "maxHp": 100,
    "level": 1,
    "coin": 100,
    "lastFed": 0,
    "bag": {},
    "lastDaily": 0,
    "lastPvp": 0,
    "win": 0,
    "lose": 0,
    "threadID": "9419107208126585",
    "isValidThread": true
  },
  "100085848161230": {
    "pet": null,
    "name": null,
    "hp": 0,
    "maxHp": 100,
    "level": 1,
    "coin": 100,
    "lastFed": 0,
    "bag": {},
    "lastDaily": 0,
    "lastPvp": 0,
    "win": 0,
    "lose": 0,
    "threadID": "9419107208126585",
    "isValidThread": true
  }
}
