{
  "689881635": {
    "firstJoin": "16:32:40 || 22/06/2025",
    "count": 1
  },
  "100086033984335": {
    "firstJoin": "11:39:59 || 22/06/2025",
    "count": 44
  },
  "61555268946652": {
    "firstJoin": "11:51:34 || 22/06/2025",
    "count": 2
  },
  "100077669972685": {
    "firstJoin": "12:11:16 || 22/06/2025",
    "count": 2
  },
  "100067508386723": {
    "firstJoin": "12:40:21 || 22/06/2025",
    "count": 1
  },
  "100090472284363": {
    "firstJoin": "21:07:01 || 22/06/2025",
    "count": 2
  },
  "61561400514605": {
    "firstJoin": "21:57:58 || 22/06/2025",
    "count": 1
  },
  "61571034749374": {
    "firstJoin": "01:20:49 || 23/06/2025",
    "count": 7
  },
  "100088476680390": {
    "firstJoin": "15:07:03 || 23/06/2025",
    "count": 1
  },
  "100048286966787": {
    "firstJoin": "15:34:15 || 23/06/2025",
    "count": 1
  },
  "61576606696030": {
    "firstJoin": "16:55:12 || 23/06/2025",
    "count": 1
  }
}